x,y,R,G,B,prev_direction,moving,gene_grp_1,gene_grp_2,gene_grp_3,gene_grp_4,gene_grp_5
57,78,157,105,154,north,1,CTGAGTGGCGG,TTCATCAGCCA,GATTATCGTAG,GAATAATAATG,TGGTGTGATGC
60,269,126,126,72,north,0,CGGCCGGTAAG,TGAGGGAATTC,TAACGCCTACT,AAAGTGAAAGG,GATCGGGAACT
57,195,98,121,175,north,0,AACCAGCCCTC,CAAACGATTCC,CATCTACTCGT,ATAAACCGGTC,CCGATAAACTC
259,286,92,135,157,north,0,AAATTGCGTTC,CCACCAGGAGT,TCAGAAGTCTC,AGGCTTAGTTT,ATATGGAGGAT
264,213,127,168,105,north,0,GATTCCTTAAG,TACGCTGGAAC,AGCACGGTCCG,CGTGGGCCTGG,CTAATTGTCAT
237,48,104,118,103,north,0,GGAGACACTAC,ATCAGCGGGTC,GGCTCCCAGTA,GACTTTGTGAA,TGTGACCGAGG
7,207,133,81,204,north,0,CAGGATTATTG,GACGGTATGTT,ATCCCATGTTA,TACTACTTTCG,TAGTACTGCTC
268,127,116,203,113,north,0,TGACTGCAATA,GCCTCGGGCCG,CTTTCCCTACG,GAAGTCTCGTC,AACTTTGGTAC
240,290,116,138,137,north,0,CTGTTTACAAC,TAGCATAATCC,AGTCCTCGTGC,GTTGGAAGAGC,ATAACGCCTGA
179,292,116,170,94,north,0,CGACGTACAAG,GAGATTTGTGT,CAGCTTAGACG,TAGCTCTTCTA,ACGAAAGCACG
45,231,151,189,122,north,0,CCCATTAAGCT,CCCATTAATGG,GCACAGCAAAT,CCCATCATGTC,CGCCTGGCCCA
288,263,135,153,137,north,0,GAAGCCGGAAG,CGATTGGACTT,TGGCCCGTTTC,AGTTCTCAATA,TGTGACGCTAC
8,215,156,124,32,north,0,TTGTCGTTAAA,GTGGCCGCGCA,TTTTCCCGAGA,AATCACATAGG,CGGGGGTGACA
224,285,64,113,129,north,0,AAGTTCTCCCC,AAGCGGGTTAG,TACGGTACATA,ATAGACTTCTC,ATCCGGATATG
187,261,54,111,177,north,0,AACCAGTAGTC,CGCAGCCATGG,GAGACAGTTTG,AGTCTATTGAC,AACTGGGATTA
185,223,104,72,140,north,0,GCCAGATGTGG,GGGCATAATTG,AAAGAATATAG,GTCCAATCAGG,TGAGTGGAACA
119,108,103,91,87,north,0,CTATCAACCAT,AATAGGGGGCT,AAGTGGAAGGG,TGCAGTCGAGG,GCGTACCAGGG
258,120,110,140,164,north,0,AGCGTGGTCAC,CCGATATTTCA,ACCTGAAGTCC,CCTAGATAAAC,CGGCCACGTGT
119,211,150,133,143,north,0,TTGAATTTCAT,GGCGCGTATTC,CTCTCGGATTA,GTTTCTATGGC,GCGTGTCCAAA
242,203,84,120,75,north,0,ACCTAAACAAG,CTTATGAAAAG,GTTAATGTCCC,AGAGGTATACG,ATGATCAACCG
200,215,183,130,105,north,1,TAGGGTCAGGT,GTTCCGAAGCG,TTTCGCCCGAG,GCTTGAATCGC,TCGCTGCGGTG
206,268,70,152,64,north,0,GACCGTTTGCA,GCACGTCGGGT,ACCATAAGGAA,GAGTGGGAAAG,GAGCTCTCGAG
40,203,101,153,108,north,0,CCGCGCAGCGG,GAATGGAGGGG,AGTGTGTAATC,TGATCCAAATG,ACAGTATTTAT
82,132,121,179,172,north,0,AACAGCCCCCT,ATAGTTATCGT,GCAACTCTTAG,TCCCTTGGCAT,TGTGGTGGTAC
12,265,143,114,139,north,0,CTAGGCGACTA,TCCAATCTTTA,AGTTGAGACCG,CACTCCTTAGA,CACACCCTGCG
255,56,199,161,80,south,1,TCTCTGAGGCC,TTCCAAATGAC,ATTGCACGGTA,TTCGTCCAAGC,TACATCGAGGT
219,220,151,167,165,south,1,TTTGTATGTAG,CGTAGTTATAG,TGAGCTCTCAA,ATTGCTCATAT,GATACACTGCC
149,249,163,129,142,north,1,CAATTCGTTGT,GGCAATCTGCA,TCGCTGTAGAG,GTGTAGTATCC,TTCCGCTCGCA
196,129,96,172,135,north,0,AGGCAGGTGTC,GCCGTAGTCAA,ACCCTGTACCT,TCAATCGAATC,GGCCCTTTTAC
34,165,137,155,152,north,0,TCTGCGTGACG,ATTCTAATCCG,CAAATGGCTAT,GGTTTACCTTA,CCGCAACAGTG
177,42,164,155,108,south,1,TTACCTCAAGA,TTTGTACCCTT,TCTCTGGGTTT,AGCGAGCTAGA,ATTCCGCAGAG
42,165,156,113,151,north,0,CCCTACTTAGC,GCCCATAGTTC,ACTACTAGAGT,TCACCTGCTTA,TCTGGTAATGC
251,100,119,122,159,north,0,GTGTCGTTATG,AGCACACGCAT,CATCAATCCTT,GACGGTGTTCA,TCTCCTGGTAA
31,215,128,113,155,north,0,CCTTGTGACTG,ACTAAGCAGGC,CGAGTTATGCA,TCCTCAGGTAT,ACCGATATTGA
282,83,133,78,146,north,0,CTGTTGACTAG,CTTCGATTAAT,AAGCACCCCGC,GAAAATCACCA,TGTCAAATTGG
113,46,71,46,140,north,0,AGTGAGAATCC,CTCGCGGACTG,ACGCAAGCGGA,GGGGACGGATA,AGACAGCTCCA
103,281,84,121,121,north,0,AGATGGCCATT,GTGCAATGCAG,CCATCGATATA,AGGGCATACCT,GCATTGCCTAG
133,304,81,157,126,south,1,GGCGATGCCGC,GAAACCTCCAC,TCTGGTTATGG,AACATAGTAAA,AACGTCTGCAG
159,257,136,176,135,west,0,TCCACTGAATG,CCATCTCACTA,ACTACGTGTTT,ACAATTTTAGC,TGGGGCCCCCT
291,9,155,129,129,north,0,TGAAGGGATTA,GAGCGATTATG,TATACCAAGGT,ACTCCAATGAC,TTGTCTTTTAA
115,89,68,129,178,north,0,ACGCGTAATGC,GCTGTGGATTA,CCGCGCAGCGA,AATACTCCGGT,AGAGACCGTAC
190,94,179,147,149,north,1,GGAGCCCTGCC,TATCTAGAAAC,GTAGATAATCC,TTTTGGTTTTG,TTACTCAGCCA
5,220,129,204,123,north,0,CCCCTGCAGAA,TGACTGGTAGA,GAAGCCTGCGT,CTTGTAAGCCC,AACTTCACTGG
134,79,167,135,116,north,0,TCGTTTATTTG,CAGTAAATGCT,CCACATCCGAG,CAATCCCGCAC,CTACTATCAGC
112,98,145,132,144,north,0,GTCGTCATGGG,TAGATGCATAT,TGGCGTTCAAT,ATCCGGGTTTG,CACGAACACTA
132,254,111,173,85,north,0,GAAACCAGGAT,CGGATCCCCAA,ACCGTTAGGCC,GGTTGCGAGCT,TGAGCAGGAAT
98,64,114,102,163,south,1,GCTGGCAGGCG,GCCAATCGAGC,GAACGCTATTT,CGGAAACGTCT,CATTTTATTAT
169,192,169,140,101,south,1,CCCGGATGACG,CCCAGTGGAGG,CTTCCGTTTAC,CTATCATCCGT,CACTTGAGGCA
131,290,126,53,112,north,0,GGCACGTGACT,TGCCAGGTAGC,CGGGAGCGTCC,ATCCACTAATA,GTGGAGATTGG
163,98,144,47,84,south,1,TGCCATAATGT,AATTAGCTACG,TCGAAACCACC,CATGGTCAGGT,GTGCACAAACG
98,304,99,149,111,north,0,TTGTTTCAACA,ATCTAGATATC,GTCGTCAATAG,AAATGGAGATC,GAGGCCTCTGC
49,55,157,160,93,north,0,GTCGGTAGGAT,TGCAGTGTGTG,AATTTCTCCAG,CTTTCTATAGC,TTATCGGTGTC
217,45,143,116,135,north,0,CGCACTCCGTT,ACAATCTACTC,CGATATGAGAT,CCCAATAAATT,TGTAATCTTCC
275,276,143,196,114,north,0,TCCGCTCTTAG,AGAATTATAAC,ATAACCGTAAG,TCGCTCCACAC,CTTTCGCGTCG
203,64,140,86,128,north,0,TAGGTACTGGC,CCCACCCCGAT,CTGGAGATGAG,GTAAAAAGCCT,ACCCACGCTCT
59,175,117,153,160,north,1,AGGTCAAGTCA,TTGGCTATCCC,ATTAACGGCGC,TTTATTGTGGC,AAGGCTAGCCT
240,174,106,112,75,north,0,TTATTAGTGGT,CCTGAGCACAC,AGATCTCCCAG,ATTAAGCGAAA,ACGTCAACAGA
127,299,198,100,124,north,0,TGGTGAAAATT,TCTAGCTTCCT,TACGACAGCAG,GTGCCGCTCGC,TGTGCACGGCC
63,182,136,144,119,north,0,ACCCCGCGCAT,CAATTTCCAAG,ATTGGGCCCTT,TGGTTAACGTT,TCGTACAGCAT
65,209,121,85,120,north,1,TTCCCCCTACG,ATACACCCACC,CTTTGCGGTAA,GGAAGATATTG,ACATACATGGT
98,230,160,129,138,north,0,CGGCGCAAAGG,CTCAGAGGGAC,GTATGTGTCGC,TAGTCTGGTGT,CGTACTGCTCG
5,202,199,126,98,north,0,TGTGCCTCGAG,TCGGTGGTGTG,TCACATTTAGA,GGTTCAAACGC,TCATATACCAT
11,87,175,85,136,north,0,GTTCAACTTGC,GTGTCAAAGTT,TGATATAAGCC,TATAGTGCCAC,TGCGGTCAGCC
302,125,108,86,160,north,0,ACAAGTTACGG,TGGTACAACAG,AATCGTAGCGA,GACCGGCTTAC,TGAAGACACTG
193,64,115,76,131,north,0,CTTGCCTTTCG,TCGGAGCTCAG,AATTAATATGC,GAACCGCCGAA,GGAAAATCAGA
171,141,138,167,155,north,1,TACGCGCTCCC,CAAGCTGACCG,CAAACTCCTTA,TATCGACAACC,AGCCTTACCCG
180,140,132,126,136,north,0,GAAATCCCAGT,GTACGGGATTG,CAGACGGAAGT,GCCGACAGCGT,TTCGCAATTCA
197,213,128,79,148,north,0,GGGTGTTAGCA,TGAGACCCTCC,AGCATACTCAG,GTAGAGACACA,TGATAACATTT
301,202,154,120,124,north,0,CTTACCCCGGT,ATGGAGAGGGT,TTGAGGCCCTG,TGACCTACACA,GATTCGATTCA
296,30,153,180,116,north,1,CACATCAGCGA,ACCATGCTCCA,TAGCACGGTAA,TGAATTGAAGG,CTCCCCTTGAA
263,112,100,64,62,south,1,TTCTTTATAAA,GAGTACGGAGC,GCGTAGGTAAT,ATCCAAACGAC,AGGAAGATTAT
107,196,142,71,70,north,0,ACGCGCGAAGA,TTGTAGTGGCG,TATCAATCACC,CCGGAACTAGT,ATCCTATGCCC
116,257,90,70,104,south,1,GGACAGTTACA,CAGTAGCATAA,CATGTGTCTTG,ATTCAAGCAGA,AGTCGAGTACG
227,288,136,199,192,north,0,TCCCTGTATAC,GAAGTTAATTT,TGTTGCGATTG,GTGTTCCATAG,ACCTTACTGAC
214,23,115,171,72,north,0,ACCGGGTCAAA,AGCTTGACCAC,CAGTTGCAGGC,TAGCGTTCGCT,CTAATGATACA
235,175,178,174,161,north,0,CCCACCTTCTA,GTTCCCTGGTG,TCCCGCGCTTC,CACGCTGTCCC,TCGATCTGGCG
234,120,89,183,152,north,0,CAAATTCTCCA,GATAACGCCCT,GTCCTATATGT,GGGACCGTCCG,ACGATTTTACT
149,203,101,77,88,north,0,GTTTCAATAAA,ATGCACTCTAT,CTGCACCTCTG,GTAGAGAAAAG,AGTCCGGGATG
132,15,111,156,81,south,1,TACTCATGATT,ACAGCACGACA,CATGGCACAGC,ACGCCGCCGTG,CGAATTTACTA
283,52,116,115,172,north,1,ACTAAAACCAC,GTCTCAGGTCT,TTTCCGTCCCC,ATTTTCGTTAC,GCATATGTGTC
281,81,137,103,169,north,0,TGCGCCAGCGG,AGGAGAGCCAG,CCTAATCGTCG,ACTAACTCGTT,TCCTCTGTTGC
228,76,150,105,113,north,0,CAGGCGCGGAA,TGGGGGCTAGA,CGTCCGTGTTC,ACTCGAGGAAC,TACTATGTTCC
113,248,131,81,107,north,0,ATAGAGAAAAA,TAATCCGATAA,AATTATCGGAC,CTGCAAAAAGG,TGCGCCCATTT
271,275,150,158,148,north,0,AGAGCTGTTAA,CCGTGATTCCG,TAAGCTAGGTT,TCTTTACACCC,CACACGCCGGT
95,223,186,213,129,north,0,TGTTCATGGAC,TAAATTCCTGA,TCCGTCATGCC,TCAGTTAGACG,ATCCTATCTCG
140,267,83,89,124,north,0,CGAGTGGTGCG,GTAATGAGCTC,AATGAACTCAT,AGGTAAGCGAA,GTTGAAGACAG
229,298,124,100,145,north,0,ATGCCCGCCCA,TATTTAACTGC,GAGAGCCCAGC,ATTGAATACAT,TCCCAGCACTT
118,91,127,135,139,north,0,GTCAAACTGAT,ACGTCAAATTC,ACGTTGACCGT,TAGTCATCGGG,TTAACTCCCAG
219,103,79,159,115,north,0,AAACCTCCAAC,GCAGTCGGCGA,GGCTGAAGCGA,AAAGTAATGTA,TATAGTCCCCC
156,26,153,161,74,north,0,ACGTCGCACTA,TCCGTACAGAG,TCCACGTTGGG,CTGACCATACC,GGATCAATAAG
43,297,93,150,98,north,0,GATCATGCATT,AAGCGATAGAC,TTCACGTCAAA,CAGCTTTTCGG,AAATTATTTGG
270,287,171,162,161,north,0,TCAGATGGTAG,TTGTGCACCAT,GTGATTGCAAT,CGTATCAATTC,GTATCTTTTGG
42,42,166,79,109,north,0,GTGTGCCGCGG,GGTTCCGAGGA,TCTAAGGACTC,TGTTATCGGGT,CGTCATACACT
262,103,138,130,141,north,0,TAGCCTGAGTG,GTGTCGTCGTG,TACCGGTACAC,AGGAGTAGTTC,CGCAGCCTGGT
142,230,149,143,131,north,1,TTTCAGGTGTT,GTTTTCTTTGT,CCTTCAGCCAT,CATTGCAAAGC,ATAGTCAGCGG
74,233,138,77,146,north,0,GCCCAATGCGG,GGGAAGCACTT,GAGTGATCGGT,TTAACCTGCAG,CTTCGCGACCT
21,245,118,118,107,north,1,CACCGGACCCA,CAAGTACTGGC,ATGTCGTCGGT,TGATAACGACA,ATCGCATGCCG
126,99,180,129,163,north,1,ATATCGTATTG,TCACGTCAGTG,CCCGCCCGCAG,TATCGGTATGT,TTCCGCTCGCC
275,283,145,157,116,north,0,TAAATGTAAGA,CATTCCCATAA,CCATGGGCTTT,GCTTCTTCATT,GTGCGTCTATT
144,260,101,164,156,north,0,GGTACGCCCTG,AACTTGGGTAG,TCCTCTAGGTG,AAATCGCGGTT,CCGTGTTTCCC
10,293,121,111,144,north,0,CCCTTTGCGCA,GGCTAGATTTT,GCTCACGTCAT,GAAGACGTCCG,CCTATGGGGAC
83,96,128,62,134,north,0,CTTCGCGTTGT,GACTCGAACGT,GTGGAGAACGG,CTTCAAGCGTA,GAGGACCCACG
192,290,109,107,86,north,0,AGTCCTTAGCC,GTGGAAAGGAC,ACGTGTTTAGC,CTGTAGGTTGC,CTACTAGCAGA
182,139,105,89,108,north,0,ACTTAGCGAAC,GTCTCCAGTCG,GATAAGCCAGT,ATCAAATGTGC,TCAGTGTTATT
70,107,39,110,113,north,0,AAAGGGCCTGC,ACGTACTGGCA,ACCCTACCTGA,ACGATAGGAGA,GATTAGAGACA
124,237,149,145,112,north,0,TGCGTCGTGAT,CAGGCGGTGCC,CTCGGGTGCGG,ACGCCATACCA,CCTAGTAGGAT
143,162,168,121,87,north,0,CAGGGGTCAAT,TGTTACGGATT,TGAGTGCTTTT,TGAGGCACGAC,GAGCCGTTACC
210,37,182,97,91,north,0,TATTCGATCCG,CTAGGGATAAC,TAATACTAGCG,TATTACGCGGT,GTTTCCTTGGT
183,223,47,120,123,north,0,ATGCAAACTAT,ATAAAGGTACA,GATGCCCACAT,ATCATATCAAT,AAGATACTTCG
78,266,137,101,111,north,1,TACAAACTTGA,TACAAATGAAA,AGACTGCTGTA,CAAAGGACCAA,CATCCTCAGCT
265,216,105,103,75,north,0,ACCCGTATAAA,CGCGATAGAAT,AATTGATTAGG,CGCTGCACGCG,CCAGCTAGTTG
188,234,156,86,120,west,0,TATAGTGAGAT,CGGGGACAGTA,TAAAAATATGA,TATAAAAGGGA,ACATTCCGCAA
266,142,93,102,140,north,0,AAGGGCGGCCA,CTCGCGTCCGT,GAAGAATGCGT,ATCAATTGCTC,CGCCCTGAACT
298,90,97,136,56,north,0,CTCCCTCTAAC,GATTCTTTACG,GGGCTAAGGCA,AATGGGGTGTA,GTCCAGGCAGT
144,6,187,81,116,north,0,TGTATAAAATA,GAATAAATGCG,CCCTAGAGCGG,TCCTCGGTCCG,TTGAACCCGTT
258,60,103,205,85,north,0,CAGCTCCCACC,GTGTTCTAGAT,CCGCGCCTAGG,ATACTGGAGTA,ACTCTCTTCTG
183,136,87,161,113,north,0,GCTCCAATGAA,ATAATGTAAAG,ACGGCTTGCGC,CGGGCAACCTG,GGTACACCCCC
190,258,155,148,104,north,0,AGGCTCGGAGT,TCGGATGTATG,TAACGAAGGCC,GTAACCACTCA,TGTATCCGGTG
25,178,112,109,121,east,0,CGCGTAAACCG,ATGAACCGGAT,GGAGACATTAT,ATGTTTTCCAA,TGCTAGCCACG
97,299,139,62,33,north,0,ACTTCGTCGGA,ACAGAATTACA,TGCTAGCAACA,TGATAATTAGG,CTTGGCACAAG
224,260,115,57,115,north,0,CGAGAAAGTGC,CGTTGTCAAGG,CTATAATATTT,AGCTGGAGAGA,GAATGACTGAC
64,218,111,128,124,north,0,CCTGGAAATCG,ACGTGCCTACC,CCAGGGTAGTT,GCCCCGCTTGT,GATCTGTCAAT
145,129,116,128,109,north,0,TTACAGGTCTG,GGGTCACGGTA,ATATCGGAGCT,ACAGGCTGAAG,CCGTTCATCGA
50,130,148,108,176,north,0,TACTAAAACCG,TCGTTTCCCCC,ACCGGGTAGGG,TGTTAAACTCT,ACTCTAGCTCC
10,105,140,150,135,north,0,CGATTGACTCG,ATCCGTTAAAG,TAAAGCATGAG,GCTCGAGGTTT,TAGATTCAGTT
278,30,89,133,192,north,0,GAGTACGGCGT,CAAGGCAATCA,TCTTCCCGTCT,AAAACCAAGTC,AACGTACTTCA
257,192,156,112,167,north,1,TTAACTTCTGC,GATCTCCGCTA,ATACGTCTTCT,CCGCAAACGAT,TTCAAGAACAG
52,76,162,168,120,north,0,TATGTGCTACG,TCTGTCACTTT,CAACCGCGTCT,GGTAGAAAGAG,CGATCTGGAAT
11,59,147,92,179,north,0,TTGGATGCCGC,TACGGTACTGC,CTATCCGATGA,GAGCGGGGCCC,ACCCACTGCGC
276,132,89,153,117,north,0,AAATTGTGACG,GCCGTAGCCTA,CTACGCCGTCT,CGGGATCTAGC,AATACTCCGTG
91,243,166,119,102,north,1,TAGAATAAAGC,TTCAATACGAC,CCAGTTAACAC,ATGTGACCGGA,CCTACTCTTAC
170,176,136,130,123,north,0,GATCCCCCGAT,GCAAGTGGACT,CAGTGTGGTTG,CCCTTCGTTAC,TATAAGACATG
89,138,91,139,99,north,0,TGGAAATAACT,GCAGTTGAGCC,ACCGGAGGACG,ATATTGCGTCT,ATGTCGTAGAT
304,46,97,77,125,north,1,GATAAGATCAC,ATTTCACGGAT,GCATGCGCCAT,GGCCGATACCT,CCAAATGAGCC
284,83,127,156,156,north,0,CTTCGTGCAAA,CATAGGTCTGG,CCTCTGGGCAG,AGAGTAACTAA,GTATCCACTTG
8,275,124,177,119,north,0,CTGGTTGATAG,ACCACATGGGG,CAAGCTCCTGA,TACACGTTGGA,GACCCGTGAGT
31,126,91,127,60,north,0,CAGTGGTCCAT,AGTTCTTCAGG,ACGCCTAAGAC,CGCCAGATGAG,GCGACGTCAAA
136,300,140,113,178,north,0,TTGCAGCACTC,ACAGAGAGTTG,CAGTGTGGCAG,TCCGCCAGGGC,ATGTTTCGTTG
284,123,110,82,179,north,1,ACTACGGCCCG,TTTAAGTCTAG,GCGGAACCTCA,GGCCAGCTCTA,GAAATAATCAC
254,200,94,127,122,north,0,CTAGCTCACCG,CCGTAAGGTAC,AGATAACAAAC,ATGATGGTGCG,ATCGTCAGCAT
204,126,115,180,112,south,1,ATCTTGTGGGA,CTTGTGTGGTG,CTGGTAAAGCT,CACGGTTCCGT,AACGCATCGCG
229,66,151,140,101,north,0,TCCTCCGTAAT,GTCAGCGTCGG,AATACCGCTCT,TGCTTGATATG,CCCGATGCATT
109,8,141,105,109,north,0,CATTAAGCCTT,GACTTCCTTAT,CGGCCTCAGAG,GCACGGGTAGC,TTATAATGGAA
201,167,87,157,160,north,0,AAACTGTCTGC,AACGATTATCG,TAACTCGGGAA,GCTGCTGCGAT,GTCTGGTATGT
48,151,163,130,72,north,1,TACTGCCCTGA,ACGGCTCAAAC,CACCGGTAACG,TATGACTAAAT,TCCCTCAGGCG
40,122,125,159,210,north,1,CGCGTTACTTG,CGGGACGGCTA,CACTGTAACGT,AAGCCTGCTTT,CTATTGTCTCA
81,175,124,112,156,north,0,GCACGACGGGA,TTGCGGGCTTT,AGCATGGACTA,TAGGAGAATAG,ATGTCCTCGAT
240,181,177,80,118,north,0,CGGGCTAAAGC,TCCGGGTTTGA,GGGTGGGGTAA,TCGCACACACA,CTTGAATGCAC
244,80,113,117,105,north,0,GGCTACGGACA,GCTCAAGCTAA,GTCCTGGCGCG,TCTCCCATACC,AACACCCGCCG
191,191,130,110,119,north,0,CGGCGACTCGA,TGGATTCAGAA,GTATGATTTTA,ACGAGGTTCAT,CACCATCAAAC
152,11,73,118,124,north,0,AGAGACCGGTC,CGTGTCGACCG,AAAGAGAGTGA,ATAGGCGGAGA,CGAGTATAGTA
176,298,126,142,110,north,0,GTTGGAGGCCG,GGTGTTCGCCG,GGTCCGGCAGC,CCCTAACAGGA,CGATTCCCGTC
271,197,104,128,84,north,0,GCGTGAGAACC,ACAGGCTGGGG,GAAGGCATAAA,TTTGCCCATTT,GAGATAGTACT
257,66,106,96,136,north,0,AAATTTGTCGC,TGGCACAGCAG,TCCGAAGATAC,GACCGATACCA,AAGTGTCTACC
86,287,110,188,84,north,0,ACTTACTTAAT,AAGATTCCGCT,TCAGTAACATC,GATGTTCAACG,TAGTTATATGG
287,39,132,125,137,north,0,ATGTTGAGCTA,GAACAATCCGG,TCCAGTCACCA,GGCGCGCGCGC,TGTGCAGAATG
193,261,172,89,154,north,0,TGATAGGTCGC,CCCAACATTCG,CGTCCCATCGC,CGGTAAACGCA,CCTCTCAACGA
85,155,139,143,76,north,1,GAGTCGAGAGG,GTTCCATAGTC,AAGTGTTCGTT,TTCCGTAAGCG,TTGGTAATAGA
134,69,183,115,144,north,0,TCTGTCCTCAC,TTCGCTAGCAT,GTGAAGCTGTG,CTGCGCAGGCG,CAGTACGTTCG
189,198,115,191,102,north,0,GTTGTGTTAAG,CGAGTTATGAG,GTTATCCTGTC,CGAATATAGTG,ACCGATGATAT
135,201,181,88,135,north,0,CCCTGAGCATT,TCATGCATGGA,TGGGAACTTAG,GCGCGGCCGTG,TAAACCCCTCA
9,95,120,116,173,south,1,GAGAAAGTACC,CATGTCGTTAA,TCGCAGGTCTT,GTTTGCCTTTC,ACGATGGTTAC
83,51,73,141,139,north,0,CGTATATGCGA,AATCTGGTCGT,GGCTGTAACTG,AACCATCCGTC,GCAAGTGCGCA
291,186,196,114,135,south,1,GTCAGTTTCAT,CGTGGCATCAA,TTCGGCACAAC,TGAGTCTACGC,TTGGAATATTC
155,39,111,85,136,north,0,GTCGATCTGTA,TTCTCTATAGT,AATGAGTGCGC,AAGTGAGTTAT,CCGCGGCACTC
247,279,94,143,124,north,0,GCTGATTGTTG,GACACATAGAT,GATGTGCGCCA,CGGACCTAGAC,GAAGGTTCGAC
108,297,136,73,112,north,0,GCTCCGCAGTA,AAACGTTTCTC,TCTGAGTATAA,CGCCAAGAAAG,CTGGATCAGAG
47,275,104,161,183,north,0,AAGGTTCGGTT,TTGTGCCATAC,GGTTCCGTTTT,AGTATCTTGCA,CGGAACTTTTG
84,195,71,97,147,north,0,GAGGCCGTAAT,AAGCAAAGCCA,ACCGGATAGTG,TCTTAGCTTCG,AAATTGCGTGT
116,12,108,126,104,north,0,ATCCGCCCACA,GGCGGACACCA,ATCACTTTGGA,CAACTAGGCCA,TGACGAGAGGT
230,118,65,90,93,north,0,GTCCTCCAGTC,ACGGCATCGGC,ATTAAGGAGCT,AGCTAGAGAGA,GGACACCACAC
282,130,116,93,124,north,0,GTGGGCCCAAA,AACTCGAATGT,TCTAAGAGTAT,CTCCGCCTTAG,AGTCGGCTAAA
232,249,133,136,125,north,1,CGCAGGTTCTC,TGCCTAATAGA,CCGCCCCAGCT,GTCAGTGTTCA,AATAGCCGGCA
171,177,105,99,76,north,0,AGGGTTAGGCA,CGGAATCGGCA,CTCTGACAAAT,AGCCGTGCGCT,CGAGAACCGAG
207,102,90,132,103,north,0,CTAACCCGCCG,ATTTGACGATA,CTTACGAGATC,AAACACACATA,AGCGTCTTTAC
111,47,95,168,126,north,0,GTTCTCGTTCA,GGATCGTCCCA,CGATGTACAGA,AAATGTTAAAC,GTGATGGCTCA
241,31,107,68,158,south,1,CGGCAGGGCGA,ATAGAACCTAG,GTGAGCGCTGG,CATTTACATGG,GGAGAACTAGT
19,188,118,150,161,north,0,CTCGCGACCAC,CCAGTGGTCTC,AGGGCACGACT,CCGAAGCTTGC,ATTCTCACTCG
284,53,110,104,121,north,0,CCTGGTTAAAA,ACTCGTGCGCA,GGTGCGGTCTG,AAAAGTGTCAA,TTAAAACTTAT
276,12,162,85,108,north,0,GCGGAGTACAG,CTACGCATGTT,CGACACCAGCG,CGAGGTAACAG,TTAACGATATC
63,197,148,184,103,north,0,TACGCTTCTGG,CGCACGCAAGC,GCTGTTAGCAG,CAGATGATGAG,CGGGGTTCGGA
133,53,137,153,145,north,0,CCCCCTAAAGT,ATCCCTACCTC,GGCGCGGAGCC,CCCCGGCCTTT,TACCCTAACCA
103,81,30,170,95,north,0,AGACCTAGAAG,ACGCTCAAAGC,GAACACTTGTC,AATATACGTTA,AGAATACGGGC
77,235,162,76,116,north,0,GACGCGCTGGA,GTAGGGACCTC,TATGGGAGTTG,TTACAATTAGT,CTAGACTTACT
222,55,132,92,150,north,0,ACGTTATGTGG,GGTCGGGCAGA,GCTAAGCCTTT,TAGAACACAGT,TCATGCTGTTG
109,9,186,151,171,north,0,GAATATATTTA,TCCGCCCGGTT,TCCCGCTAGTG,CCTCTTTTCCT,TCAGCCTCTAT
232,33,128,116,110,north,0,TCGGGACCACC,AGGTTTTTTGT,GAAAGTGGCCC,TTCCAGGTGAG,GATAGTACATC
251,282,129,153,97,north,0,TCCGATCTGTA,GCGGGAAGGGA,ACTGTATAAGT,CTATTTCACTT,GGCGTAAGGGA
182,22,176,144,119,north,0,TTCGATAAGCT,CCTGATATTCA,CGCCTACCACA,CTTGTGGCAAA,GTGTTGAATCC
61,23,161,156,128,north,0,CTCTTAGGACC,TTACTCGGTTA,TATACCAGGGG,AGTAATGATGC,CGACCATCATT
283,284,163,184,123,north,0,AAGTCTTCGTA,CCTCCACCGCG,TCTTTGCAGGT,TGGCTAAACGT,CTGGCTTACGT
207,136,167,132,174,north,0,GTTCCCGGCCG,TGCCCTTATGT,GCTTAATCCGT,CGGATACCTGG,TCCAGGTTGTC
271,241,131,136,144,north,0,GGCGTACCGTA,CATAGCAGGGG,TCGAGATGCTC,CGATTATGCTG,ATGCGCGGCCA
251,299,146,89,134,north,0,GAGTCCGTCCC,CACTCAGGGGT,CGCCACAGCCT,CAGGGGCTGTC,TCCCAGGTGTC
36,270,104,70,108,north,0,GATACTGCGAT,TGGAGAGTAGA,AAGAAGTAAGA,TAGGGAATTAA,ACAAAAGATTG
12,293,154,110,100,north,0,GTGTGGTGTCA,GATGGCTGGAG,CTTAGTCTGAA,TATAAGACGAG,CTGCTGATGAT
70,181,116,140,159,north,0,GCGGGGACTGT,TGGAGGAGAGC,ACTTTGCTCCA,CGAGCTCACGT,GATGCACCTCT
71,83,112,100,79,north,1,ATCAGGGTGAA,AGGCACCCGGC,CACCCGGAACT,CCGTACACCAG,CTAGCTTTGAG
229,190,145,141,114,north,1,TTGCTCGCAAG,ACGCCACCCAC,AGATATTGTCA,TTCCGGTCGTC,CCTCCTGCGGC
81,198,87,86,145,north,0,ACTCAGTTGTC,GTTGCAGCTGG,AACCAACCCTT,CTCACAGAGAT,GAGTGTTTCAG
73,35,130,126,125,north,0,AAGGTATTTAA,TCCGCACGTGC,CCTTGATAATT,CGCGGGTGCAT,GGGCGTCGAGG
150,111,80,114,124,north,0,AATTTGCTACG,ATCCGAACTTT,CCAATATAGGT,ATCTACGACCA,GCTAACTCGGG
37,115,122,117,108,north,0,ATTTAGTTCCC,CAAGTTACTGG,ACTGTAAAATT,TACCGATGATA,CCTAACTCATC
122,190,85,84,158,north,0,GATAACAGGCC,CCATCGGATGG,GTTAGCCAGCG,ACGGAGTTTTG,AGCGGCCTCAG
277,297,122,116,80,north,0,GACAATGACAC,GTAACTGTGTA,TCCTATGCAAC,ACCCCCGAAGC,CGGCGTTTGTT
177,207,86,115,146,north,0,GGATGGCCTAC,ACGCAACGTGC,GCGTACTCTGG,CGGGTTAGACG,ATCTCTTCGAG
296,29,160,132,135,north,0,TTAGCGCCGCT,CATTCATATCT,TCTTACTTAAT,ACATTCGCCCT,CGACGGCTCGG
256,48,129,123,139,north,0,CAACGCTCTCC,GGGAGAAAAGC,CGGTGGATCGG,CGCTTCACTGA,CAAGCAGCGGG
259,57,140,153,127,north,0,CGTAACTCTCA,ATTTGGCATAA,TTATCGATATG,GACGTTGGACC,CCGCTTATCAA
38,135,142,124,137,north,0,TTTGCCAGTAA,ACGGCGGTCCG,AGAAAATCCCC,CTACGTTAATG,TCGACCCTGTA
92,125,191,141,177,north,0,TCTGTCTGCCG,CGCAAATCGCC,CTATGCGGCCT,TGGACCAATGG,CTACTAAGTCT
236,43,141,89,166,north,0,CTAGCGGCAGG,TGTGCGACTTC,CCATGCGCTAC,GAATAGCACTC,GATTAGCTCTG
276,212,155,162,108,west,1,CTAACCTTACT,TTTAATGCTAG,GGTTTCACTAC,CTGACCAGGAT,GACCTAGGAGC
191,241,161,124,168,north,0,GTGTGGGATTT,TAGTGAACCTC,GGGTTACCCGA,CGCAACGATGT,TTCCTCTAACT
238,231,80,90,92,north,0,GTTCCGATGAT,TACAGCATCCT,AATTCCCTCGG,AGGCAATAATT,ACGGAGCAAAG
177,157,57,122,137,north,0,ACTACCAGTCA,GGTTGTAAATC,AGTGGCTCGTA,GGCCGGAGCTT,AGTGCGGGGCT
108,101,71,105,176,north,0,AAAGGTTAACC,ATCGAACGTCC,CCCTGAGATAC,GCTCCTATTAT,AGGACGGATGA
147,95,113,174,108,north,0,GCCCCATTACA,TGTATTCCCTT,CGGGTCCTCAA,AGTTGCCTAGA,ATTTCACGCTG
132,90,132,110,72,north,1,TACGCACCGTG,AATGGACTAGG,GCTACAGTACG,TACAGATTCGT,CATCGTTGACG
284,115,59,92,95,north,0,ACAAAGCAATG,GTAGGGGTCGC,AAATGCAACTC,GATTATCGATG,GACATAGTACG
213,20,107,130,129,north,0,CCGCACGACTC,ATCCTTCAGAC,AAATGTACATA,GCTGTCGCGCC,TACCAGCCTTA
275,72,100,108,204,north,0,CCTAATCTCCG,GGCTTATGTGG,AGTCCGTTTCC,GCATATCACTC,GCTTATTTTCG
211,70,113,117,132,north,0,AGAATAAGCCC,TAATGGTCCCA,CAATATCCTAA,GTGGAAGAGTA,GCCTTCTAAGT
10,160,57,135,168,north,0,AAGAATCGTTA,GCAATCGGTCA,AGTGGAAGCGA,GTCATCTAGAT,ACGGGGCGCGT
151,65,153,170,113,north,0,TTGCTCCTTAG,TATGCGTTCCT,AAAAGTCCAGA,TGTCTGTTATT,GGTCGTATGTT
223,162,122,190,188,south,1,CATGTTGGTCC,TACTCAGGTGA,GGGCCCTACGG,GACCCGGCCCC,GCCCTTTGCTC
269,232,149,153,125,south,1,GGCACACACTT,CTAGAAAACAA,GCATTCAAGTG,TTGCTGGGATA,CACTTAATCGG
84,274,114,195,156,north,0,CCGCTCTCAAG,CGTACAAATTA,CATCTGTCCCG,ACTACCCTCTG,GAAATGCGTAA
230,257,98,108,136,north,0,GCGGGGTCGTT,TACCGGAAACG,AGCCCAGGTAC,ACGCAGGTTGG,GTTTTGATGCT
75,171,112,153,123,north,0,ATTGATGTGTA,TACTGCCCTAT,GACCTGTGCGC,ACGTTAGGGGT,CTCTCTTAATC
246,34,57,130,70,north,0,AGTAGATTAGT,ACCTCATTCAC,CGAGTATACCG,ACGCATTGAAG,AGTTCCGAAGG
189,175,128,118,140,north,0,TAGTGTAGGTC,ATAAAAGGTCC,TTGCAAGCTAC,ACAGTGTTCAG,GTATTTGTAGG
26,93,88,119,162,north,1,ATGGCCCTATT,GTCTAAAAGCT,CATCCGCTCTA,ACCTGTATTCA,GATTCGTGTTG
25,136,76,195,128,south,1,CACTGCTGGCT,AAAGCCTGGCA,CACGTTACTGG,GGGGTGTACGG,AGGATCCCGAT
25,9,131,132,118,north,1,CACCGTAGCCT,CAATGCAATGA,CAGTTACTCCT,AGGCAAAGAAG,TCGCTTCTACG
83,63,98,182,101,north,0,ATGTTGTTACC,TTGGTCTTACG,GCAGTCCTTCT,ATTTTGAAAGT,AGTTAACGCCC
285,239,92,116,125,north,0,ACCCCCTATGT,GGCGGTATTAA,GCACATGCAAA,ACAGGACCGGC,TACCCCGGCAA
186,58,99,62,102,north,1,CAGGAGAGACA,CCGCGGGGGGC,CATTGGACCCG,ATAGAAGTGGT,AAGGGTCTCAC
220,300,115,110,132,north,0,CAAATATTTCA,AACGACCCGGG,TGCAGCGACGA,GTAGATTGCTC,GCTTCATGAGC
12,237,153,91,160,north,0,GGAGACTTTTG,TTACATCTCAC,ATTACGGAGGC,TGGCCGGTGCC,CCCAATATTCC
222,236,129,146,113,north,1,GGCATAATATA,TTCAAGATAGT,ATGCGATCTAT,AGAATCGATCG,TTAATGGCATT
218,122,191,144,114,north,0,TGCTACTTCTT,GGTCCTACCCG,TAGCTCGCATG,TACATCGCAGT,TTGGACGCCAT
79,26,98,160,164,north,0,TCTAGTTGTGG,CGTGTCTCGGC,AAGGTATCTGA,AGCCCACATGA,GAGCGCACGCC
180,89,158,176,53,north,0,AATTTGATGCG,CCTCTGGAGAC,CCGGGCAGAGA,TGTATTTAGAG,TGCTGCTTAAT
63,86,94,100,107,north,0,CTCGATTTAAT,AGAAGTTACAC,GTCTTCAGCGG,GCCTGGATAAT,ACCTAAGGTCG
284,93,136,55,91,north,0,CTATACCGACC,CTGCAAACACT,CCGTATACGTC,GGCAGCCCCTC,GAGAGATAGAG
280,128,97,112,133,north,0,ACTGGCTTAGG,TAATTCCGGCC,GTTCAACATCT,ACCTGAACGAT,GATTCGAGTCC
258,234,117,162,89,south,1,TGGCGAAGCTG,GGGACCTAACC,GGTGCGCACAA,CATTTTCAACC,ATGGCCTGATT
297,95,131,118,131,north,1,TGCGCTGACTT,GGCTAAGCCCC,ATCGAGCCAAT,CGTATTACCAT,CACCCATACGG
38,87,147,91,109,north,0,CGCAGAGTAAC,ACCCGTATATC,TCGCCCTCTAC,TCCTATGATAC,GATTACCTGGG
209,203,130,174,178,north,0,AACGGTCATAC,CGGATCCACCC,TATCGTCTTCC,CCCGTCTACAT,GTGTCCACCGC
49,161,55,189,132,north,0,CCCTTAAGGGT,AATTTGTGCTG,ACCGCACACAT,ACCGCTGCCGT,AAGTTGGGGCA
146,143,61,92,136,north,1,CATCCTTATTC,ATACATGCGAA,AAAGGGCCTTC,AGATAGTCGAA,GCAGGCATATC
151,95,69,102,135,north,0,GCGGATCAGTA,AGTTAAGCGCA,GCTTTAATCGT,GCAGGGCGTGG,AACGCCGCGCG
203,169,120,137,122,north,0,ACTTTAAGCTG,TAGTACGCAGA,CCCCTACGACG,GGGTTGATCTT,GCACACCCTAA
276,69,103,72,129,north,0,ACTCAGTTGGG,CGCGCGCATGG,GCGCAACATTC,GGTTCCGGGGA,GTGTAAGCAGC
97,90,117,164,128,north,0,AAAATGCACTC,TACCGCTGATT,ATCTTGGCAAT,TTGGGTAGTTT,GGATCCCGCAG
83,128,209,127,158,north,0,TGGGAGCAACC,TCAGGTTGCAC,CACGCCATTTT,TTGTGACGTCC,TCAATTTACAG
208,152,188,127,146,south,1,TGCTGCAATTT,CATCAGTTGGA,CTCCCTACGGC,TGCGGGGATGA,CTAGTTCCGCC
133,197,162,142,139,north,0,TGGACTCCACT,TGGCCTCGGGC,GAGACTATTTG,GTAGGGATCAA,TATGGATGTAA
201,218,130,83,150,south,1,CTTCAGGGTAG,ATCAATGTTAA,GTAGGGAAGGA,ACTGCGAAGGG,TTCGGTGTTAC
40,16,133,90,123,north,0,ACTGGTTCAAC,CAACAATCCCG,TGCGATAATCC,GGCATGCCCTT,CTTAACTAAGC
33,246,125,112,157,north,0,GGGACCTACGC,CCAGACAACTC,AAGCCCTCTGT,TAGTATGTAGA,CTACCAAATGC
261,244,100,137,150,north,1,AAAAAAGACTG,GAGACACAACC,TAACTAAGTTG,CATCCTGTGTC,GCAGCCTACCC
70,93,154,171,58,north,0,ACAGCCTGACT,CTCACGGCGAC,CTTCTCCTAAG,CGATCTACGCA,TGCCGTCAGAT
98,118,128,118,171,north,0,AGTGGGATCCC,CTAACCCCTAC,CTTAAGAAGAG,GTGGTCCTTGG,CAATGGCCTGA
18,271,106,185,106,north,0,GTAATCGTAAG,TGCCTGGGGTA,CCGTGACGGGA,AGGCTCTGCCA,AACTCCTCCTA
240,55,158,153,72,north,0,GCTGTAGCTGA,TACCCAGAACG,TAAACCCGACC,CCGTAGAGAGG,GTCGTTCTATT
280,136,132,181,98,north,0,GTGGCACGCCT,CGCCTTTCATC,TCACGTGGGCG,AGTTCGTGATT,CAGGTTAAGCC
36,38,162,85,100,north,0,AGTCTCAATTG,TCAACATCAAA,CCGCAATAACC,CTCCACGTCGT,TGAAAACGGAA
21,139,146,153,84,south,1,TCTAAAGTACG,GCGTCACGAAT,ATGACTCACAT,TTCGTTCTGGT,GGTGCTTGCGA
8,52,149,124,64,north,0,CTTCAGCGACA,TTGTGATGACA,GGCAGTCACTC,GCTGTTTCAAT,GTAGCGGAGAA
175,6,104,63,153,north,0,GGGAGGCTCAC,GCACAGGGGCT,GGGAACACTGC,GGCGCATCTCC,CCGCAGTGGAT
71,104,151,91,152,north,0,TACGCTTGCGC,CTAAAGGTTGC,AAGCAATGGTA,TCCGACCTATC,CATACTCTTCA
26,244,189,189,92,north,1,TCCTTTTTAAT,TCGGCGCATGT,GCATTCGGGTC,CACTGGAAAGT,TTGCTCGCGGA
77,77,104,130,128,north,0,GATTCGTTATA,CTGCCTGACCC,GTACTGAGGAC,GGTAATGGCAG,ATGCATATTGT
63,226,132,102,180,north,1,CACAACCTCGG,AGGGTGTCCCC,TAGGGTGCTGA,TCGAGACTCAA,GGAAATGCTTT
37,90,99,141,103,north,0,GCAACTCAGAG,CATTATAACGG,GAGGCTTCGAA,AACCACGGCCC,CTAGTTCCGAG
85,57,169,97,142,north,0,TGGTGACGGGT,GCCTTGCTCGG,TTAGGGCCCCA,ACTGATGTCCT,TCTGATGACAT
231,51,85,117,136,north,0,ACACCGACAAA,TACCATGCTCA,CGTTTCACTTA,AACTCGTAGCT,AGATAAGGGTA
251,220,175,121,94,north,0,CGGTTCCAGGC,TATGGCTGAAT,TAGACTGCACG,CCAAACGGCGA,CCGAACTGTAA
193,149,95,120,132,north,0,ACGGCATCCTC,CAGAGGCTCAG,ATATGGGCCAA,CGCGATCTAGC,GCCGTCAGTAG
136,12,115,148,156,north,0,CTGGTGTGCGC,CTGACGATTAG,GCTGGCTGCCT,ATACTCATTAA,ATCAACGAGAC
150,304,101,132,111,north,0,ACTTCCTGGGC,CGGACTATGGG,ACTTAATCGTC,AGCTTGGTGTA,TCTAGATTCGC
147,5,148,112,118,north,1,AAAAACGCAAC,TTCATCAATCT,TAATGAACGGC,CCTCAACCTGG,GTTTTGTTATA
184,24,119,117,92,north,0,ACAAAATCAGC,CCAAGGGTCCT,GCTATAATGAA,GGCTGCGAGAC,TATCCTTCCAG
58,189,166,149,144,north,0,AAGCGCTGTCG,TACGTCTTACC,TTTTCGCACCG,CTTCATCCTGC,CTACCTTGGAT
175,73,203,119,176,north,1,TGCTTACAACT,GAGTTTAATCA,TCATAGCCTTG,TTCCAAATTCA,TTCTGTTTCGA
93,95,211,157,102,north,1,CGACTTGTGTG,TTTTGCCAAAC,TCCCCCAGGTA,CTCGTTATTTT,TCTAACAGAGC
46,180,127,122,64,north,0,CCATGCTGATG,GGCTCTTGGAC,TCCCCCCAGTC,GCAGCAGAAAG,ATATAATGGAC
128,163,179,75,94,north,0,TCCGATAGTGC,TCCGAGACCGC,CTCGATGGACT,GTATCAGAAGC,CAGAGTCTACG
239,211,135,107,172,north,0,TAATGCGTCGT,CCGAACTCCAT,ACGTAACTCGA,ATAGCCGCTCA,TCGATGACTAC
124,187,138,48,159,north,0,GACAACTGCTA,GCTGACCCACC,TAGCAGTGTGA,GCCGATTGCCG,TATTATTTTGA
120,182,160,74,132,north,0,AACCAGTGTAC,TTCGAGCCTAC,TAAATGGTCCA,CAAAACCCAGA,TGTCATTCGGG
279,39,126,163,85,north,0,AGTGTCTTATA,CGCTTCCTCAT,CAAACTGAAAT,TTATATGCGGG,GATGGCCTCGA
221,194,92,125,165,north,0,GTTATTGAATT,GCTCCATGTCC,GGTGCCGACTT,GCTGGAGCTCT,AGCAAAGTGTA
28,185,117,142,134,north,0,ACAACCAATCT,TACACCACGAC,CCGGCTCTTCT,CACTAGTAGTC,ATAGCCTCAAC
80,12,114,167,96,north,0,GCCAGCATGCA,GCGGCCTCCTT,GCAACAGTGTT,CCTGTACAATT,GCACTCGTAAT
275,121,138,100,128,north,0,CGAGAGAGCGC,TTACACACCGG,CGAATAGCGGG,AGCATTGGCGT,CAGTAAGTGCG
59,7,122,107,189,north,0,CAGTTGTCCTT,CAGAGACATCT,CATCAATTCTT,AGGTCCCACGT,CTGAATCCCTG
236,129,185,102,153,north,0,TGCATCAGTAA,TCTTGGGTGTA,TGATGGTAACT,GCGCAGATTTT,CGTCGGCCCCC
283,249,75,99,147,north,0,CCGCGCTTGCC,CGCGGGGGGTA,AGTGACTTTTG,AGTGGACGTGA,AAAGCTGTGAG
169,52,106,102,89,north,0,GGACGGCCGAC,AGAAGTTTACA,GATACTCTAGA,CGAGGCAAGGT,TGGGAATCTCT
68,237,140,132,87,north,0,CTATACGGACC,ACGATTCTGGA,AGTCCTACGTA,TCTACTGGATC,TGTGAATCCGG
94,290,133,124,121,north,0,CTCAGAAGGCT,TCTGCACGGGG,ATGCCGTGTCA,CAATTCTGAAG,ATTCAGCCCTT
277,98,111,181,182,north,0,ATAATGTCCAG,TCCGGGCGGCA,GGATCGTATTC,CCTATGGCTGA,AGGGTCATTCG
207,9,121,97,127,north,0,TGGGGAAGCCT,AACTGGGCACC,TGCGTAACTAG,GTGTGAATTCA,ACTTGACCAAG
287,272,103,140,141,north,0,CGAAATCCCAC,GCGCACAACGA,GCAATCCAGGG,CAGCTATGGTA,ACGTCCTCTCC
170,212,161,170,139,north,1,CCGGTTGCTAC,CACATGATCGG,TCATGATCGAA,CCATGCTTCGT,GTACTATGCAA
18,59,167,155,135,north,0,AAACCGAAGAA,TCGATGGATTG,TCCCTACTGAT,CGTAGACCCTA,TGCGCATCGTG
101,22,184,117,144,north,0,TGGGAGGCCAT,CGCTATGCCGA,CCCATTAGTGC,TAAAGTCGGGC,TAATCGGACAG
271,101,125,96,77,north,0,AACTGTGACAC,GCTAGCGCGAA,TCTAAGGCGGA,TGACATTTAGG,ATTCCTAGGGC
119,209,87,158,131,north,0,ACTATCACTAA,ATTTTAAGCCA,CTTCCCCCTAT,ATTGCCTAATA,GATTACAAATG
59,174,101,102,136,north,0,AGTACGGGCCG,GGAAATTGCGC,ACAGGCATCAA,TACGATGCAAG,CCGGCGGCTCT
88,185,95,155,145,east,0,TACGTTCGGGG,ACGCAACTTGA,AATGTTCACAT,CGCCATGGCTG,GAGCTGCCGTG
213,210,54,87,130,north,0,AATCGGGAACC,ACATACCGCGT,AGAGAATGTTG,CGCCCTCAGTT,ATATGTATGGC
165,26,109,116,151,north,0,TGGGTTGTTCG,GCGTACAAACG,ACTTCTAGCAC,CCTTGCCCTAC,AAGTAGGACGT
143,99,202,154,168,north,1,TTCATTAACGG,CTTAAGAATAG,TTCCTCTGCAA,TACGTCAATGC,GTTCATGGCGC
27,197,113,84,139,north,0,CAGGACTTCGG,AATCGGAAACC,ATAAATACGGT,CAATAAGCTTC,TTATTTAACCC
11,268,75,68,104,north,0,TGACACGAGGG,GGATCCTCCCC,GAGGAGGCCTC,AAGAAAATAAA,AACGGCCTGGC
272,59,165,77,124,north,0,CTAGGAGTCAA,TAGGAGCCTAT,CAAACACGCTT,CAACGAGGATA,TAAGGGGAATG
286,140,102,107,116,north,0,GCGTATCCGTG,TGGGGTGAACT,ACTCGAAAGGT,CAGGCGTTTCG,AGACCATAGCG
38,134,133,144,140,north,0,ACGAGTAGCCC,TGGGCGTCAGT,GTATCAGCCTC,TACTCTTTTGG,GCGAGTTAGTA
193,96,155,100,140,north,1,TTTTAGTACTT,GCCGTGTTACG,AAACATCTGCC,TCACGTGACCC,CTTCGATGTAT
244,225,120,101,156,north,0,GTCGCGGTTGT,ACGGCGAAATC,TAAAAAGCCGG,CCCAAAGCTAG,GGATTACACCA
146,111,161,111,64,north,0,CGCGTCGGGAG,CGCTTGAGAAA,CAAGACCGGTC,TCACATCACAG,CGAAAGGAAAA
63,95,154,101,135,north,1,ATACGGAACTA,TACTCAATTCT,TTTCGGCCAAT,CATTATCTTTT,GTCGCGAGAAA
49,144,94,65,76,north,0,AGTGAGTAGCA,CTTCGGGTGAA,CAACATTGAAT,GGCTACGTGAT,ACAGGCTCCAC
236,10,101,147,121,north,0,GTGCGGTGGGT,CCCTCTCTTTC,AGACTAGCAGG,GTGTTCCACGC,GGACAGCCGCA
225,285,79,121,121,north,0,AACCTTAGTTA,CGGAACGTAAA,GAATACATGTG,AACCCGCCAAA,CCAGCACATTT
186,177,148,131,105,north,0,CCCTAGATGCT,ACTTAGGAGAC,TAGTCCGCAGT,CGGCTCCGCGC,CTAATGCGCCC
271,73,124,141,147,north,0,AGGAAAGGTTT,ATACTTTGTAA,TCCATTTGAGA,CGGAGGAGCGC,CCTAGTATGTT
119,97,129,51,112,north,0,GGCGAGCGGGC,TGTTAATAAGT,ACATGAATGAC,TAATCAATCTC,GCCAAGCACTT
44,96,116,90,125,north,0,GAACAAGACAT,GTTTACCAGCC,TCTCGGTCCGA,ACCTGGTTCCG,GCTCTGCTGAT
71,199,132,111,128,north,0,TCGTGCCCCCC,ACGTGCGAGGT,CAACATGACGT,GGTTATGGGAG,CCGGTTCACCA
69,84,156,136,125,north,1,GTCAATACACT,CTAACACTGGA,TGATCCACCTG,CAGCTGGATGT,CATCGTGGGCC
123,142,126,127,148,east,0,CGAGGCTTTAT,TACGTGCACAT,GATAGAAGAAC,CTTACAACCCA,AGCAGTGATCC
108,229,106,160,156,north,0,CCAGTATACCG,GCTACCGACGC,AACTAGCGTTG,CGTATGCGGAC,GCAACTTTCGC
53,179,122,94,119,north,0,ACGCCCTAAAT,AAGCCCATCAG,TCCTAGACGTG,GTTTGCTATTG,TATGAATAGGT
273,278,78,105,154,north,0,GAGAAAAATCA,TCTACTTTCAT,AACTCATCATC,ATATGATTTAG,AGCGGTGGCGT
288,289,162,128,163,north,0,ATATTGTACTG,CTAGACACTCG,TCGAACCTATA,GTACTAATGTT,TTAGCGGGTCT
31,37,129,128,80,north,1,CCTCTACTTAT,GACACGCAATT,CTTCGTGCGAT,CACTGGGGAGA,GAGTGGATATA
9,96,99,101,180,north,0,ACTCTGCATAG,GAGCGATATCA,TACCGGCTGTA,AATAGCGGCGA,CCGCAGGTTCA
253,46,141,147,140,north,0,TAATATTATGG,GTGCTTGGCCT,CTGGGTAGAAT,ACCCTCGCCTT,CCCCGGGTGTG
45,165,118,138,129,north,0,GTGGAGAGGAT,CTAGCAACGGA,CGAACCCTAAC,GTGCCCAATCC,ACGGTGGCTTT
70,298,57,74,166,north,0,AAGAAGGATAA,CCCGAAGCTTC,ACTTTACTAAC,ACCTACTCTTA,AGGCGCAACGA
47,86,82,145,78,north,0,ACGAGATTCGT,GGTTCACGGCG,AGCCTTAAGAG,TTAAATACATA,AATCTGTCAGG
181,190,84,175,131,south,1,ATGTTGAGATG,CACGTGAGGGT,CTAACACAGTC,AACCCGCCCGA,ACTACCCTTTC
174,8,156,68,128,north,0,GACGAAGCTAA,TTAAGTTAACT,TTATCTAGAAA,GTTGAGCCTGA,GCATAACTTAC
128,210,124,93,142,north,0,GCATATAGACG,CCCGACCGTAC,ACACACGATTT,TAATGCAGTAT,GTTCTTATAGG
123,248,99,184,148,north,0,CCGGTCCACTC,GCAGTGTCGGC,ATACGGGCTGC,GGCCCATTATT,GGTGTTAGTAG
12,63,117,114,103,north,1,GTAGAGCCAGC,CATCCACGATT,CCTCCCACTCC,CGGTACGTCAA,AACGTGACGAC
169,88,112,84,134,north,0,GCGATTTACGA,ATGAACAGTCG,TCCGAGAAACG,CAAGATAGGGG,ATAGGACACTG
50,193,62,151,87,north,0,AGTCCAACGAA,ATAGTGCCAGA,GCGGGGACTAA,GAGTTGTCCGG,ATTCGCCCAGA
194,35,116,154,129,south,1,ATTAGGACTTC,ATGGCTCTCTC,CATGTTCGAGT,GTGCGGACCAG,TGAACCTGATC
81,50,149,97,115,north,1,CATCGGAAGCG,TCAGCATCGAA,TTACAGTTAGG,GTCGCCGACCG,AGACGAGCTCG
207,295,228,168,93,south,1,TGAGCCTCAGC,TTACCGCAATC,TCTCGCATCAG,TTGCCCTAACC,TATGTTGCTGC
105,119,160,107,138,north,1,CGCGACATAAG,ACGACCACCCC,TGTATTCGGTG,CATGATCGTAT,TTTAACAGTAC
200,258,141,158,140,north,1,GGCGATGGGGA,TGGCCGAGGGC,GTTTCTCGCAT,CACTCTAATTG,CATATCCACGG
65,163,150,108,122,north,0,ATTTAGTCTTC,CCACCTTCCCT,CAGCCAAGAAT,TATTGAGAGAT,CTCAGTTTGCC
161,62,130,108,148,north,0,GGGCTCCGCAG,TCCTCACTCCT,CCCAATCCGAA,AGGAGGTCTCT,CATCAGAACAT
73,234,89,164,162,north,0,CTCATAAATCT,ACAACCCTAGT,AAATTTACTAT,CGAAGCAGCCA,GGATGTCGCTC
33,181,74,98,155,north,0,ATTCTGGCTGT,TGCCACGCGCA,ACGACGCGCCC,AGTAGAATCGT,AGTGAGACCAC
45,25,158,155,109,north,0,GCCCTGATATC,GGCATTGTGTA,CCTACTACGAT,CTAGGTTATCA,TTCCAGACGGA
146,21,148,133,160,north,0,TCCGCTTATAT,GTTACCCACCA,GTTAAAAGTAG,GGATCTCTGCT,CTATGTTACAG
138,203,110,75,188,north,0,GCGCGTGCTAG,AATCATCTTAA,CGAGGCTCTTG,ACCGGAACTAT,TTCTAGGTGCT
267,302,109,139,172,north,0,ACCAACCTCTG,ATTAGGAATAT,TGTACAAATTT,TGCATAGCGTT,AATGTTGTGCC
65,47,158,68,163,north,0,TAAGATATGTT,GTTGATAGATA,TATGGTAGCTT,TAGAAATCTCC,GAGTGTGATCA
115,220,177,131,133,north,0,TCCGTCTGGCA,CATTCTGAACG,TTCTCAGGTTC,TTAGATCCGTG,AGAGACTTCCT
214,274,148,146,131,north,0,ATGCCGTCAAG,CCCTGCAACTT,CGCTATTGTGG,CATGCCTACTC,TGCTTTGGGAG
169,278,102,88,132,north,0,ACATGCGTGTT,GCCAGGTGGCT,GCGAAGTTCAA,GGCGAGGCCAA,CTCCTAAGCTA
145,53,140,93,159,north,0,CCAGACTATCC,CGTTAGCTTAA,CTCAGAATAGG,CGCACGTGCAC,ACTCCCCCTGC
146,227,79,172,159,north,0,GGAATTGTTAT,CGACTGCCATT,ACTCTAGTTTA,ACGTCCTGCTC,GGGTAGCGGCT
133,113,85,155,78,north,0,ACAAAGGGATG,GTCACTAGAAT,TGAAGCTGATC,AGACTTTCGTA,ATAGTGCACCA
49,269,128,176,108,north,0,CGACCGGGCCG,ATGACTTAGAG,CGGGTGCATAA,GAGGTCATATC,TCAAGCGCGAA
179,109,107,176,132,north,0,ACAAACTGGTC,GGTGTGGCGTA,TTGTTTAATTC,CGCGTGGAGGA,AACTCCTAGCC
281,103,82,110,101,north,0,TGGTAGTTTAG,GCCCTGCAGCT,ACATGCTCACC,ATATGCGGAAA,AAGGGGTTCCG
26,243,144,133,118,north,0,TTGCGTTTGCC,CTAGGTCAATG,GACATGGTGAT,TAGCCCAATGA,AGTCACTGCGC
213,38,104,143,128,south,1,CGGCTTGGCAT,CACGTTCAGAA,GGAGAGGGAAT,GCCTAAGTCTA,ACTGTAGATTT
220,179,86,150,100,north,0,AAAATTTAACG,TTAAGGGGGTC,GGACTTCACGC,GACCCGGTCCA,ACGAAGAAACG
15,134,116,124,103,north,0,CTTGCGTGGGC,ACTATCGGCCA,CGAAGACGGAC,ATATGCCTACG,CGCCATCACCA
64,289,121,118,89,south,1,CTTGTTCAGGC,GCTAAATGCCT,TCCTGTCGAAC,ACCCTATTAAC,ACAAAAAGCCT
214,67,98,140,101,north,0,AGTCTTGGGCT,TGCAGCAGGAG,AACGGGATAAG,AGTCATTGTCA,TATCTGCGGCC
71,279,151,188,144,south,1,CTGTTACGTAG,ATCATCCGAGG,TCATACTCGTC,TTTTTGCCCTG,ACATTTGGTAT
23,12,167,105,136,north,0,GCGAGAACATT,CAGCGAATCGT,TAACACCATTG,TGCACGGCGCG,TAAATATCGTC
160,206,165,119,139,north,0,TGGTTATTTCC,CCCTACGTAAC,TGTTATAAATC,CTCGTAGATAA,AGTTGCCCTGA
268,26,62,165,148,north,0,AGCCGGACGCA,GAACGCGATTT,GCCATGAGGCT,AAAGTTTTGTT,GTGACTGTCCG
156,110,172,156,140,north,0,TCGAGTCTAAT,CTCGGTACGAC,GCTTTCTGCCT,TCGGCTTCTAG,GCTTGTGTTTT
210,191,94,112,152,north,0,GAGAGCATTGA,GTGGCTTACAG,TATACACGCTG,ACGTGGAATAC,ACTCATCAACC
33,145,96,123,118,north,0,ACCGCACGAGT,GAATTATTGAG,TGTACGCGCGT,GAAAATGGCCG,GGCAGAATCTA
135,35,88,125,118,north,0,GTACATCCATT,GTGTATTTTTA,ACATGTCCCAC,ATATCCTGAGT,GTCTTGATCAA
100,209,187,153,140,south,1,CGTCGTTTCTT,TTCGGTGTGCC,CCTACACCTAG,TCACTAAGAGT,CAATCTTCCTT
71,136,115,87,112,north,0,ATATGAGCTAA,GTTCAAGTCGG,TAACGCCCAAA,AGTCCGCTCCG,CTAGGCGAATC
45,5,164,80,160,north,1,TGGTGGCCGGC,GCACTCGGGCT,TGTTAGCTTAT,CACAAATTCCA,CGGAACCGTTA
131,236,156,72,131,north,0,GCACATGACGT,TCAAACCCAGA,TGTGGATTTTC,AGTTGTTGAGG,TGACATTCTGC
271,153,128,79,116,north,0,AACAAACGTCA,GCTTAAAGGGT,TTTACCATGAT,GGAAAACACAA,CTTGTGCGATT
137,159,115,132,152,north,0,TCCGAATGTAA,TGTTGGCTCTT,GAACCGTGACC,ATGTTACGTTC,AAAATAGTGCA
55,64,208,126,107,north,0,TGCGGCTTTGG,CCCGATACAAT,TACATTCGTAT,TTGTAAAAAGC,TGAGTCAAGGG
52,156,72,121,147,north,0,AATCTTTATAA,ACGTGTCGCCG,GACGATAACTA,GCTTACCTCAG,GTTACATGGAC
30,129,180,169,133,north,1,TCGATTCCTTG,AGCACTTCAAG,TTCTGGGTGTA,CCGCCGCTCGC,TCCACCGTCGT
158,211,102,79,127,north,0,CCCCCGTAGGG,AAGGCTGATGG,TCCCACATAGT,AGGTAGACGCA,GATTAAGTTGC
43,159,92,139,102,north,0,CTGTGGGCCCA,GAGTTCGAGGG,GAAATAAGAGT,GGTGAATCTGC,ATGACCTCAGC
170,211,144,146,189,north,0,CTCCCTACCTC,CAGTGACATTA,TCCAGTTATCA,CCGGCGTCCTA,AAGATAGTGTT
265,63,118,131,160,north,0,CGTAACGCTGG,TACCCCCTGTG,CCGTGCTTCGA,AAAGTTACGGT,GAATGCAATCT
53,95,148,121,124,north,0,AGAGAACTGAA,ACCATTATATT,TTTTCTCTCCG,TGGACGGATAC,TGCAAGACCAG
221,279,180,130,36,north,0,AATGGCTTAGA,TATCAGATAAT,TTTACTGCAGG,TATTCCGGGGG,TCAACCTGATA
275,98,173,140,93,north,0,GGCTCCCGCCC,TGAGATACGCT,TTAACTCGAAA,CTAGCTTACAA,CGCAGCTTGAA
127,184,96,112,138,north,0,CGGCTCGCCAA,GTGTAGCTATA,CGCCATAATAC,AGATGCGCGTA,ACCACGCCTAT
294,112,126,135,74,north,0,GGCTCGTCCGT,GAAGTGCTACA,TGTATTGAAAT,ACGGAAAAAAC,TGTGATGTCCG
126,252,184,138,156,north,0,TAGAAGTCTGA,CTCTTACTTCC,TGTAGGAAGAA,CCTACCAAGTT,CGAGTGCCCGC
83,156,95,104,118,north,0,ATGAAGACCGA,TGCTATCATGG,CGTCCTTAACC,ACAGGTTTCTA,AGAACAGAAGG
248,153,83,189,121,north,0,CTACCCATTAT,AAAACATTGTC,CGGTTGGCACC,ATTCTGGAGTT,AGCCTGGCGTC
74,37,101,115,116,north,0,TCGTCCCGAAA,GCCAGCACACT,GCATGTTGGCG,AACTAATTTCG,ATTGCCCATGG
103,77,153,129,138,south,1,TTTTTTTAGAT,GTCGGGCGTAT,CGGCAACTGAT,CAAATGAGTTA,GTATGGGAGCA
26,48,38,160,51,north,0,ACCGTTTTGGA,AGCAGTTCAGC,GAGGGTGAAGG,ATGCATTCGAT,AAGCTTACATC
99,223,115,126,132,north,0,GACAGTCTTGC,GCAACCCGAAA,GGATGTTACTT,TCGAAAGCAAT,GCAGTGAATTG
182,112,108,120,157,north,0,GAGTTAAGGTA,TGGGGACGTAT,ACTCGTGATCG,TATCAGACCCG,AAGATACCGGA
53,144,78,50,96,north,0,AGGCGGGAACC,CCCGATCCGAC,ATGTAATGGAG,ATCCAACCTCA,GGCCGGGTGAT
214,124,169,123,145,north,0,TGTTGGGCGGG,CGCCACATCCG,TACTTCTTCGA,ATCGGCGGGTA,TGACCGCTTCA
134,173,111,133,200,north,0,CCTCGAATCGG,ATTCTGACTCT,AGTATGGTCCG,GGTTATCCTTA,TAGCGTGCTGC
68,30,112,142,156,north,0,CGGTCCAGGGC,CATCACCCAGG,GGCTTTAATCC,CCCTAGTCTCC,AAGGTCTTTGA
55,296,196,110,122,north,0,CAGCGTTAGGT,TCTTCTCCATC,TTTGAGACTCC,GTAGCGAATAC,TTAGGGAAACA
86,121,79,133,120,north,0,ACATCCTACTC,GATGGTTAAGT,AGATGAGACTA,GACTTTTCGCC,CTTTATAAGTA
206,31,80,130,134,north,0,AGTATTAATTG,GATACCGGTCG,TGCTGCACAAG,AATGAAATGGG,GAACCGATGTA
33,106,50,190,174,north,0,AGAGCTGACTC,AGTAATCGTGT,AGTTTTAAACG,CCACTCAGTGT,AATATTCATGG
124,56,151,150,149,north,0,GATGCCACCGA,TCGGGAGGTCC,CTTTTCGGCAC,CGCACTTGCAA,GCTGGCGTGCT
173,173,133,142,128,north,0,CAGATGCCTAC,CTTTATAAACA,ATGTCTTCATA,CCGTGTCGCCC,GTCGCACATAG
94,65,127,101,143,north,0,GGTGGCAACAA,ATTGTACTCAA,ACCTAGAGCCT,TTGTATAAGAT,TAACCATCTGG
128,71,121,130,120,north,0,ACCCGATTCAG,CGGGTCTTTAG,CATTCGGGCTA,GAGACCAGAGC,TATTAGCAGAT
27,58,176,132,102,north,0,GTTTCACGAGT,TTTTAGCTAAG,TCAAATACCAG,CAGCTTCACCT,CATATACCCTA
145,181,105,81,117,north,0,ACTTGCCGGCA,AGACATGGGCG,TTCTATCTAGG,TGACCAATTCT,AAATATCCCAC
241,233,154,160,92,north,1,ACTTAGGTACG,TGAGTTACGCA,GTCCCCTAGCC,CATCCTGGTGA,TTCTCTCAAGA
299,233,142,119,96,north,1,TTTCCCACCAT,TGACAAACCAC,ATTGCTTAAAC,GCAATCATCAC,GGCGAGAAGAA
261,148,140,154,104,north,0,TTGTGGTATCA,GGGTTTACAAA,GCGAACACCAC,CTAGTACCGTT,GGCGTATAACC
278,193,140,123,167,north,0,ATTTAAACATA,GTGTCCTTTTT,CCGCCGTTTGA,TGTTTTGAGTG,CAATACGCTGG
23,144,101,113,145,north,0,CGTGCCGATGG,GGCGTAATCCG,CGAAAACCCGC,ATTTGCACCCT,ATGTGCATAGT
82,69,152,122,137,north,0,CTTTCAACCCT,CCACGTGTTTA,CTAACAGGATT,CGTTCAACCTG,GACGGCGAACG
289,257,114,157,172,north,0,TCTCCGAAAGT,AGCGGGGCCAC,ATGATTATTTG,GTTCTCGTTGC,CAGGGGATTTA
251,129,107,92,91,north,0,GTGGAGAAACT,ACTGCGCAATC,TGATACACGGT,CGTTCCTAGAG,AAGCGGGTTAG
45,113,133,142,141,north,0,TCACCACTTGC,CCGACGGTCAG,CCTTATTTAAT,GACCCGCGTTG,AGTATATTGCC
61,262,135,185,166,north,0,GTCGCCTTCCC,GGCGTCCGTTG,TCAGTGCGATG,GTTCTGATTTA,GTACGGCGCAA
126,75,157,121,88,north,0,CCGTAATAACG,TCTCCAAAGCG,CGATGTGAGAC,ATACTAGTGTG,CTGTCGGCGTG
300,114,169,135,152,north,0,CGCAGCACTGG,ATCAGTTCGAA,TCTACGTTCGG,CTGCCACGGCC,TGTACGTTTCC
164,288,163,82,60,north,0,GGCGCATAAAC,GGGATAGAGAG,TTACAAGACCA,CCTGGAGGATT,TCGTAAGAAAG
248,198,56,109,181,north,0,GAGAGTGGCAG,AGAAAGGTTGC,CTAACTGCTTG,AATACCTTGGA,AACTATAATCT
64,35,125,130,122,north,0,TACGTCTATTA,TTAGAAACCGC,AACATGTGGCA,CACCACTAGCT,ACGGCGGCAGA
242,119,124,130,116,north,0,CCACTATACAT,GTGGCGTATGG,ATCTCCGCAGT,TAGAAGATACG,GGGCGCCCCCC
138,111,109,170,108,north,0,TGGACCTCGCA,AGTAGTCCCAT,CTTCCGCCCGC,AACACTGCACG,GCTCTGTCGTG
209,258,104,143,68,north,0,ATCCTGATGGG,GCAAGTCTGGG,GACAGGTCGAA,CGGATGTGAAT,CGGCGAGGGCG
224,189,113,149,160,north,0,GATCAACTCCA,TGACTTCGTCA,AGAATAACCTT,GGTAGTGCAAC,CCTGCCTTTGT
156,216,166,106,143,north,0,CAATGGAACCC,TAATAAGGGTT,TGGTTAGTTCG,CTAACTACATA,GTGGGAGCCGG
133,236,131,87,157,north,0,TAAAGGTCGTA,CCTGATATTTT,GAATGATGTAA,ATGGAAACGTG,CCTGTGGCGTG
160,284,74,136,75,north,0,ACCCTTTCGAT,AGTAATCAAAG,GTTGGATAAGT,GTTCGGTCCAA,ATACTACGCAT
272,68,102,114,73,north,0,AAACCATCACG,GTTAGAGTATC,TGTGCGTGGAC,AAACGATAACT,CCGGGTTCCCA
153,166,115,163,159,north,0,CCCGTTTTATT,TCCTGGGTCTC,AGTCGGCCTCC,GACCCTGCCAG,GAATTACCCTT
260,208,151,91,108,north,0,CCAACAATAAA,AGGCATATGTT,CTACCGCGCCA,TCACACGCTTG,CCCTGGGGAAT
212,303,100,120,136,north,0,GGGCGCTTATT,TACCTCGATGC,GGCTGACCAGA,AGTACGTTTTT,GGTTAGTTCAC
31,245,120,134,94,north,0,TTGACACTGCT,GCAGTTTCGGA,GAAAACGGACG,GGGGCAAAGGT,GTACGTGACGT
220,167,72,130,92,north,0,AGAAACGAGAG,ATGCTGAAATG,GCTACAGAGTA,AGGCCGTTCTT,CCAGGTGCACC
92,20,124,128,112,west,0,GATGCCTTGAA,TCCCCATGTCG,AACAATTATGC,CTCGGCATAAG,GTGCCCCGATA
70,66,131,159,148,south,1,CTCTTGCAGGA,GCATCTTACCC,GAGCTAGGGCA,CCGGGAGACCT,CACGGTTCTCA
186,54,153,119,101,north,0,CCTAGCATACG,TAATGATCAGG,CTACCGTTTCC,CGAGAGGAAGT,GATCTTAGTAA
14,252,149,150,81,south,1,CCTTTTACGAA,GCGGGCGCGAC,TTCTTCCCGGC,ACGGCGGTGTG,CTGGAGCAGAG
292,103,107,141,129,north,0,GTGTGTCAGTA,TGCCGCATTGT,GTAGCCGCGGC,ACCCTCTCCTC,ACTAGGACACT
273,9,92,114,124,north,0,AGGCAGTCGAG,TGGAGTCGGTA,CCCGCGTGCTA,ACGGGGGGGCA,AGGCCTACCCC
41,161,159,125,67,north,0,GAGTGAATATG,TCCGCAATCCA,TCGCCCCTGAA,CAGCGGGAAAC,GTTTCCTCATG
245,154,84,80,76,north,0,TTGTAGCGAAC,AATCGAGTGCA,ACGGTCTGACT,GATGAACGGTG,ACTTATTCGTG
303,258,101,178,64,north,0,GGCGTCGAAGG,AGTGCGCCATG,GCAACTCAGCT,TTGGGTCTGAA,ATAGTATGGGA
49,76,112,133,88,north,0,ATAGAATGAAA,TACACTTGAAC,ATTCCTTTCTA,CCCACACAGCA,GGATCATACCG
213,189,163,128,79,north,0,GCATCGCGCCC,TACGCACGAAC,TATGACCGGGA,TCAGTTAGCAC,GGCAGACAAAG
60,153,151,90,120,north,0,CAGCATGGTGG,GTTCGCATCAC,CGGACGCACAG,TCTCACACGCG,GCTTGTATAGC
181,21,166,186,79,north,0,TGAACGCTTGG,CCATCATTAGT,TTGTTCCAAAA,ACCTCGCGGGC,CCCTTTCAGAG
12,117,133,110,145,north,0,TGAGAAGTCGC,CCCACGAGTCC,ACACAACACCG,GGTTCCTGGCG,CGTTTGTGGGA
126,105,109,109,152,north,0,GACCGTGTAAG,ATGGCGTACTT,CAAAGGGATAT,GAGAGGGGCGA,TGTCGCCATCA
260,187,171,146,90,north,0,CGGTCGATGTT,TGAGCTGAGTT,TAACAAGAAGC,CAAATCGCAAC,CCTGCCCTCCT
80,266,81,130,116,north,0,GCGGCTACTTC,GTCATTATAGG,GGCTATATGAG,ATCAGGCATTG,ACCGGGTAAAA
173,276,141,103,176,north,0,TGTGAGCCTTC,AGTCGGGATGA,CCACGGGACTC,TTTCTGGGCCA,ACCAGCTGGGG
116,182,92,113,121,north,0,CTGAGCCCTAT,GGACGGTGTGA,ACGCGCGCGGA,AAAATGGAGTA,CCAGATCAAAG
110,211,96,69,120,north,0,GTGTGCAACGC,GTGTGCATAGC,ATTCAAGCTTC,AAAGGGGCGGC,CTATATTCGGT
187,207,74,110,140,north,0,AAGTGCCGGCG,GACCAAGGCAT,TTGACGGTTCG,AAATGGCGCCA,ACTATACTGAC
284,213,137,134,152,north,0,ACATCCTCTGA,TTGGCCTCGCT,TAAGAATATAA,GAATGTTTACT,CGACCTCGTGG
98,211,87,124,99,north,0,CGAAATGTCTT,AGACATGTACC,TATTTAGCGAC,ATCCGCGTGGA,AACTTGGGGTG
190,32,114,160,112,north,0,CATCTCAAGAC,ACAAGGAACAA,CCAGTATCAGC,TAATACTCTAA,ACCATTGCCGG
101,234,114,132,51,north,0,CAGCGATCAGC,CGGTGACTATA,ATGATGACAGA,CTACTGTTGCC,ATGTGACCGAA
118,218,172,134,142,north,0,CTTTGTACTGT,ATCAACAATTC,TTCGCGTTACC,CCCATGGACAG,TAGGCGTAGAC
221,34,126,111,78,north,0,CGAAAATCGCT,GGGGACTCCTC,GACGGCTTAAT,GCCATCCGATA,TCAGCGGTACC
219,35,138,127,186,north,0,AAGCGTTGTTG,GTCGGTTCCTT,TATAAAACTTA,TCGTCTCAAGT,CAATTACATCC
280,113,69,165,144,north,0,GGTGTCGCCGA,ATGGGCTCCGG,AAGCTCTTTGC,ACTATCGTATT,CGGTAGAACGT
155,83,113,132,106,north,0,ATTGGACCATA,GTCCTCCGCTC,AGCGGAGAATA,CGTCCATCATC,TACTCGACTAG
173,22,161,93,118,north,0,CCTAAAGCCTC,ACCTGCATGGT,TAAAGCCTAAT,CCATCGAACAC,TCTAGTAACCC
90,202,93,119,113,north,0,GACGTGGGATG,AATCCCTCTCT,GCCCGACGGCG,TCATAAAGAAG,ATAGCACGCTA
302,99,130,145,136,north,0,CGCTCAGGAGT,TAATCTCGGTG,GAACGTCTTTT,TAAGGCGTCAT,ACTACTCACGA
13,295,107,144,84,north,0,CAGGTTATATT,CCCAAAAGGTC,ACCTGCCGACA,GGGACATGGCG,GCTTTCCAGTA
164,136,111,107,72,south,1,TGTCCCACGCC,AATAAGGGAAT,AGACCAAGACG,TTCTTGTGCTA,ATGTAAACACA
288,273,127,140,150,north,0,GATCACAGTTA,CATACACGCGG,CCGTCTTAAAC,TGTAGGTACAT,ACAGTTCTTGC
86,251,125,129,141,north,0,CCCCGGAAGGA,ATATCATCACG,TGTGAACTCCC,ATTATAGACTG,GTTATGCATTG
284,290,117,150,62,north,0,GCTGCCCCAAA,GGGACCCGGCG,CGGCCCAAGCG,GTTTTACCGAG,GTGCATGAACT
63,135,160,116,45,north,0,GATGCAACATC,TCGGCGCGACG,TCCGGTGAAAC,TCTGGTACAGT,AGCGGAGGGCG
288,129,143,147,172,north,0,AACGGTATTAA,TGCAAGAATTT,ACAATGCGTGA,TCGTTTCTGTT,TCGGCACCGGC
211,93,104,104,122,north,0,GATCACAGCTT,AGCACATGGGT,CGGACTTCCGG,GCCTGGAGAAT,CCGCGACTCCT
37,230,191,148,133,north,0,TATCGAGATCT,CAGGTCCCCGT,CTTCCCCAACC,TGCCCTCCAAA,TGACGGCATCT
175,124,104,104,120,north,0,GATTGTGGCGC,GCTCGTTTAGC,CTCGAGAAAGG,GTCCGCTTTAT,AGCGCGCATAT
288,199,136,110,142,north,1,CGTAATCCTCT,TAGCGGGTACC,TTCCCCCATTA,ATTGCCGACTA,AATTGACCAGG
164,210,103,111,65,north,0,CCAAACCAGGT,CAAAGAGGCCA,CGCTCGCCAAG,GAGAGGTGATC,AACATACGAGA
212,31,93,118,85,south,1,CCCCCTGATAA,CACGTTCTATC,AAGCATTAGGC,GAGTAGCTATC,GGATGACGACG
142,296,141,142,126,north,0,GACCGGCCATC,GCTCTGGACTG,ATCTCAAGTGG,TCGTCCATATT,TCCGGTGCGTT
179,68,165,102,159,north,1,AACAGGGGTGA,CTCAATCATTT,TTCTGCCATTC,CGACTCTTATG,TCTCAGTCACG
151,126,127,111,68,north,0,CCTTGGATCCC,ATCGCGAAATT,CCTAACGGAAT,GGGGTCTAAAG,CGACATCTGCG
249,106,141,132,136,north,0,CGATGTAACGG,CGGCTGACTCA,AGTTCCAAGGC,CTGCGATGCGC,TAGCGCCAGAC
206,102,113,140,86,north,0,TTGAGCGAAGC,CGGGATTAACA,ATCATATGAGT,GCCATGATTAG,AATGGTTCCGC
151,300,108,111,108,north,0,GTATCAAAATC,ACCTGCAATTC,AGAAATCTAGT,TAGCCAGCTAG,CCCACATAAAT
112,134,80,111,122,north,0,GTGTTCTCGGA,ATCGGTAACTC,AGGCATATGGA,GTGGATTTTCT,GGCGGGTAACA
249,135,122,93,97,north,0,CCGTTCGCAGA,GCCTGAGAGTT,TCAGGCGTGAG,GATGATAGTGG,ACATAATTGAG
257,191,105,140,215,north,0,GTTACTCTTGA,ATAAATTTCGC,ACTCTAAGTTC,TGGCCTTGTCC,GGTGGAGATCT
44,198,153,124,115,north,0,TCCGCACCACG,TACAAGTAGCT,TGAGGGCTCTC,ACATCAAGAGA,GGTATCTGTCC
72,225,153,121,96,north,0,TAGTGCGCCGC,GTGCTCCTAAT,GCTCAAGACAC,CCGTCGACATC,CCTCGTGTCAA
160,90,147,170,124,north,0,CTAGTCTTAAG,CTCTCAGTCCC,TAATCCATGGG,AGGTTTCGTTT,CGCGGAGAGTG
106,154,87,127,164,north,0,ACCCGATCGCG,ACAGTATTGTG,CCCGGATATTT,AGCCTCGTGTA,CCGTACTTTTA
61,214,143,157,59,north,0,CAGAGGCGGGG,GACGTCAGAGA,CCGAAAGCCGG,CGCCTTGAAGG,TAGATGTCAGT
54,288,105,124,86,north,0,CGTGTTGGTAC,GCTGGACAAAC,AAAGGACAAGA,GTGGGGGCCTC,CGAACGATAGC
69,294,93,76,108,north,0,AGTTACTTTGA,GTTACCCAAGT,GCGAAAGAAGT,TAACCAAGGGC,AGAAACACCTT
198,302,156,206,136,west,1,TAAATCGGAGC,TATTTGTCTAT,GCTCCGAGTCA,CACCCTCGACA,CAGTTTCTTAG
59,150,136,112,129,north,0,ACACAGGGGGA,TTTTCGCTGTG,TCTGCACTGTT,GCCGCCGAGGC,ATATGGGATTA
195,188,137,187,114,south,1,GCGGTACAGAT,GTCGCAGGTTG,TTCTTCGTGGT,TAGTTCAGAGG,AATCCGGACAT
140,233,62,150,130,north,0,ACCCGACTTGA,ACTCCAGGGCG,GTAATGTGGCC,ACCCCTGCCTG,GAGACATCATT
198,217,102,99,138,north,0,CAGTGTTTGTT,CAATCGGTTCA,GAATACCATAT,GTTCGAGTGTG,ATGCGCTAAGC
217,224,161,81,114,north,0,TGCCAGATATT,CCTGGTGGGCT,GGTGGTTGGAA,GTTGGCAAGGT,TACAATAATTC
25,48,116,154,97,north,0,GTGTGAACTAT,CTTTTAATCCT,CGGGCTCTAGA,GCCGGTGCGGG,AGACTATTAAT
238,240,106,116,174,north,0,CGTGACGGATC,CGAGATGCGCC,ACGTCTACTTG,CTCTTTGTTTA,AAGCGAATTCG
76,204,89,98,100,north,0,CCCGAGTAGGC,GCCATCTAGCG,GCCCATGAACA,AGCGCGGCACT,ACTGAGCTTTA
278,236,174,149,172,north,1,ATGAGTCCTGA,TCGTGCCTTAA,TTCCCACTAAT,TCACTTGCTGT,GTAACAGGTCC
246,7,133,77,120,north,0,AACAAAGCGAG,CGAAAACGGTC,CTAACGACCGC,CGCGTAACTAT,CTCCAGTTATT
286,114,158,88,192,north,1,ATTAAGTTGCG,TGCAAAAGTTG,TGCGGCGTTGG,CGTCTCTTTAT,CACTGAGGTAT
245,207,101,118,104,north,0,AGCTTTTGAAG,TAGTACTCGAT,GAAGGGTGTAC,TGGCGGCACTT,AAGAGCTTATC
186,55,139,168,194,north,1,AGAGCCATGCC,GAAGGCGGTGG,TTTCCGTTTTG,CCGACCCATAT,TAGATTCTTGA
257,87,142,206,95,north,0,AACTCTTGGTC,TCTCTGGGATA,CAATTCACATT,CTGACCCGTCG,CGGCTCCTAGG
225,21,80,155,120,north,0,AAACTGGAAGT,GCGCACCTATA,GTTGGTGATGG,GTGCTTTATCT,ATCACGCCGAT
257,67,131,125,168,north,1,TTCATCACTTT,CATTGGGGCCA,AAAGCGCCTTT,AGACCATAAAA,TTGTAGGGCTG
93,130,182,108,141,north,0,TTAGGTACCAA,TTGTCAAACGG,TGACCGCCCGA,TAGGGCTATAA,AGACACCAGCA
44,191,134,130,138,south,1,GGCATAAGCAT,CCAGGACTCTC,TGTAGACTCAA,ATCTGCTATGT,CATTTACCAGG
243,193,165,124,117,north,0,TGGCATGCGAG,CTCCAACTCTA,TGAATGGAGAT,GAACTCAAATA,CGCAGTCGTGT
292,122,155,157,182,south,1,CGCCTGAATGC,TCAGCAAGTGT,GCCCATTACTT,CACGTGACGCA,CGTACTGATAA
107,103,130,134,152,north,0,TCAGACGCCTA,CTAATGAGGGA,AACCCCGGACG,CGGCTGTTTTA,GGTGACGATCC
125,60,129,36,215,east,1,CTCGGAGACCG,GTGTAGCTTTC,ATATAAACTTT,TTTAAACACCG,ACCCGATTTTC
10,47,116,129,100,north,0,AACGCTGCATT,ACCACACCCAA,GTACTCGCAGT,TAAAGAACCTT,TCGAACAAGCA
136,18,154,156,67,north,0,ATAGGTATGAC,TAGGCCGTGGC,CGCCCGGACGA,CTGGGTTCAGC,CTTGTCGAAAC
62,5,162,96,200,north,1,ACTGACTACTC,GCCCAGCGTCT,CTGTCTAACGG,TTTTGGAGTCG,TGTCCGTGTGA
301,10,163,113,140,north,0,GTCAACATGAA,CCGGAATAGAA,CTCTTGTTCCT,CCGTGTTTCTG,CTACCCCCTCA
236,47,127,155,140,north,0,GTGTCGGTCCA,GGACTCGTTTG,AGAGAAGACAC,TCCATCAAGGT,CTCTCCCGGAC
291,131,155,96,131,south,1,CTTGGGTGGAT,ATTCCCGTCCC,TCAAATGGATA,GCATCGAACAG,TACGAGCTTCC
120,124,169,117,148,north,0,GGCGTCACTGC,TGGCACTACGG,TGTCGTGGGCC,GATGGTCTATT,TTGCGATATGC
24,102,147,116,127,north,0,ATCTATGTTCA,TCAGAATGCTT,GTTTGTCTAAA,TCCCCTTGGCA,GGTATACACAA
265,248,71,141,92,north,0,AAGTGTTGAAC,AACGTTGCTTG,ATCCCATAATT,ATGACCGCGAG,TCCAAGTGGGA
82,297,105,147,72,north,0,TGTTCCCCGTC,GTATGTCAATA,GCGTTCCGCGA,AAAACTCAAGG,GGGGAGTCAGT
96,121,132,141,131,north,0,TAAATCCAGTT,CTGAGGAGGCC,GCCCTATTCCT,GAGAAATCGTG,GTGCCCTTCAT
276,302,89,113,128,north,0,GTCTACCAGGA,ATTGACTTGAT,AAAACTACCAT,ATACTATACAA,TGATGCAGTGT
214,129,93,116,70,north,0,AGCGAGGCACG,GGTCCATCGTG,AATAAATAGAC,CGCCCCATGTC,CTGATTGAAAC
150,34,135,135,158,north,1,TTTATTGAGCA,AGCTGTGTCTC,GGGAAGTATTA,TCTATGCATGT,GGAAGACAATG
30,248,141,139,152,north,0,CACGCGATCAA,CGGAGGCTCAT,GGTGGGGCTTC,CGCGCAAGGTC,CTAATTGGCAA
238,162,152,101,127,south,1,CATTATTATTG,TTTGTAAACAA,GCCCAGCCCGG,CAGGAATAATT,CAAGTGCCATC
27,296,200,115,75,south,1,TTAATCGGGCA,TATAACTGGTC,TCGTCCTGAAT,TAGCGTGTGCT,GTTTAACCACC
116,20,104,102,141,north,0,ATAATATCCTT,GGGAGGTCGGG,ATCCATTGTCT,GCCGAAGTACC,TCAGCATCCCA
260,75,91,163,76,north,0,CCTTTGCAAGA,AGGATAAGGGG,ACGAGTTCAGA,ACGCTCCTATG,CTTGACTTTGC
296,63,88,152,161,north,0,CCTCCTTGTAG,CGAATAATTCG,GAGAATATGCT,ATGTTTTGTGC,AAACGACTATT
176,5,141,114,128,north,1,TTACCCCCTAT,CTACCAAGGTT,CATAAAATGTG,AAGCCACACTG,CATCCAGTAGG
48,51,100,123,192,north,0,TCGGGAGCCTA,CTCAGACCTGT,AAAGCCCGTCC,AGTATTCGCGG,ATTCATCGCTC
110,6,102,131,127,north,0,GAACGCTGTGT,ACTGTTCTACC,CAGTACAGAAC,ATAGCGTATAG,TGCAGCCTCCT
196,6,191,100,176,south,1,TCGTCCAGCCC,GCGCCATTTCC,GTCAGCCGCAG,TTCTACAACTA,TTTAATTACCT
26,234,100,106,106,north,0,CAACGCAGGCT,ACGTATTGAGT,TACGGCGGAGG,ACCGATCCCTC,GGTATGGCTAA
104,90,90,131,155,north,0,AATCGGGGCTA,GATTCATTCCG,GAGGCCATTGA,GAGGTAAGCCT,TGTTGACGATC
123,197,93,167,109,north,0,TGACTTCGGGT,AGACTATAACT,TGCAAACGCAT,AAGGTTTGACC,AGACGTCTTCC
288,171,156,71,108,north,0,CAGTAAGTAGT,TTTCAATCAAG,TGTTCACCTCG,CAAAATTGGTA,ACTACACGCCC
259,259,170,123,94,west,1,TTCAACTGCAG,CAGGGAACCAG,TCTGCGGGACC,ACTAGTATATC,CTTGTTAAGTA
66,118,149,78,155,north,1,GGAAACGCCTT,TTTATATTGTT,ATAAAACACTT,TATCCAAGGTC,CCAGAACACGT
117,266,144,195,176,south,1,TAAATACCGAC,ACTCCTTCTCC,CCGGCATATTG,CACGTCGCTTT,CTGTTGGTGGA
7,158,94,106,149,north,0,AGTTTGATGTT,GTGCAGTTCTC,CTTCACGGGCG,GACAGCCTTAA,ATTACGGACGG
161,119,161,103,57,north,0,TGAGGCAAAAA,CTATCGAGAAG,TGTTGTTACAG,GTGAGCGAGTT,GATTATGGAGT
270,236,102,66,179,north,0,GAATAAAGTGT,AACAAGGACGG,GCGGCACTGTT,CGCTGTATTCA,CTATATCTCTG
279,100,130,167,118,north,0,TCGGAATCCAC,AACATTATAGC,GCGTCTTGTGA,CGGTTGTCATC,CCAACCCACCC
235,147,138,123,111,north,0,CTTACCGTAGG,TGCATCGAAAT,GAGCGAACGTT,CGGCGGAATAT,GAGAGATGTAG
86,286,169,175,122,north,0,TATATCGTAGA,AGCGTCGGTAT,TGGTATTCTGG,TACTGCGCAGA,TACCTTTTCCG
175,255,93,166,139,north,0,GTTTCAGACAA,CCACATGTCTG,AACGTAGTGGT,AGAGTTAGCCA,CGCCTACTCAC
216,296,94,136,98,north,0,AATCGACAGTT,GTTCCCTCGCT,GAAGCGTCAGC,TGGATCGCCGT,ATGTATAAGGA
203,21,97,123,127,north,0,TGTATAGGCTG,ACTTGACGCGG,AGCGTGCTAGT,TAACAACCGTT,AAATGTGCCGT
227,19,182,91,129,north,0,TCGGGCGTCTG,GAAGGATCTGT,TTGGGTTAGAT,TGCTAAACATG,CGTACGGCGTC
248,255,120,115,167,north,0,CGTAGGTAGTG,AGCTTTACCAG,GAGAATTCTGC,CGTGGTCGGTC,TAAAATCTTTT
80,138,136,121,134,north,0,GGAACAATCGT,GGACCCGTCAC,TAACTGCTCGT,CGCGACTGAAT,CCTGACCTTGG
231,254,157,129,127,north,1,CTCCCGGCTCG,CCGATCTGCAC,CGGGATTTAAT,ACGCAGGCAAT,TTCCCCTGTTC
228,138,177,128,148,north,0,CGATGGGAACC,CCGCCTGCTAA,TCTGATTTCTT,GTGTGTGCGTA,TGCTTAAGTGA
5,294,126,90,68,north,0,GAGTAAACGCT,GTCCCCCTAAA,CCTCTCCAAGT,TCGTACAAGGT,ACAGAATGGTA
267,137,105,154,128,north,0,ATTGCAAGCTT,GGCGCGGGATG,TCTTCATGCAA,ATCCGTGAGTT,GGAGTCCTCGC
144,25,123,76,107,north,0,AGTGGAGAGCT,TACAAAGTAAC,TATCGAAATTA,GCGGCGTTAGC,GGATGGGCCGT
206,269,144,184,136,north,1,GACTGTTCCGG,GAAATGGCTGA,TATGCCTGAAA,CAAATCTATTA,TTCCCCCTGGG
157,218,109,122,67,north,0,CGCTGACTTGA,ACATAGTAAGT,AATACTATAAG,CAACCCACAAC,TGGGCCGTGGC
62,207,113,117,96,south,1,CTAGACATCTC,GTTGCGCCAAT,CACTTGGCAGA,ATTCAATTTAC,GAAGCCCAGAC
196,298,145,161,78,north,0,CTTAAGCGACC,CTGCCTGGTAA,GCGACCTTACG,GACTTCGCGTA,CTGGTAGGAAT
118,248,118,223,124,south,1,TAGTTTCTGAC,AGATCCCTTCT,GGGATGGATTG,CGAGTTCTACC,CATTTCCAAGT
128,182,110,87,156,north,0,TCCCGTCTTGA,AAAGAAAGCCG,GGTAAAATTCA,ACTGCTGAGGG,CTGACAATGCG
108,39,77,148,164,north,0,ACGAGCTTTCA,CGGTTTTTGCG,GATCATAGTGC,GCCACCCATAC,AGACCCAGGGA
162,153,142,140,127,north,0,TGGGTCCTCCA,TAACGAAGATT,AAGCTCAGACT,TTCCATTTTTT,ATAGGTATGTC
40,121,85,78,115,north,0,GTGCACGGCCT,AATCATATAAA,CAGAACAGGTA,GAATGCCGCTA,GGTCCCGTGTG
20,73,113,129,116,north,1,AACTGGATTGT,TTTAAACGGAA,CGACCAAAACC,GACATCGTCGC,GGGGTAGGGCC
273,217,149,168,68,north,0,TCAGGGCAATT,CCCCCGACATA,AGCACGCTGTA,CAGCTAGCATT,TAACTTTCGAA
229,201,103,140,105,north,0,TTAGCGCAAGC,AGCGTTCATAG,GCTGCATTATA,ATCGATGCCAA,GGGTGCCCCAG
258,5,143,116,124,north,1,TTGAAAGTAGA,TTTCCCAAGTC,GGGGGTCGGGG,GTGTCCGATCT,AATCCAAACCC
16,290,117,118,91,north,1,TGGGGCGTCCC,ATCCATTTGGC,GGCCCCGCGAC,GGGCCAACGCC,CATCCAAGAGC
154,288,163,152,114,north,0,CTGGCCCCCGT,GACGTGGGCGC,TAGGACTCACG,CGGTTATGATG,TGGGGTTCCTA
120,279,95,90,69,north,0,TCCGGACGACA,AATGCAACACT,GACCACACGTT,GAGCGGTGGGC,GGGCGTTAATT
25,303,122,132,115,north,0,TAGTACCGGAG,CAGAGAAGACT,CACACTCGCCG,ACGACAACCAA,GCTGTTACCCT
6,176,174,136,104,north,0,TTTAGCTGTCA,CCGAGCCTAAG,CTAGTATGTGA,GTCACATAATA,CGTGGTCCACC
153,286,133,177,130,north,0,GTATTGAAGAG,TGGGCCTGCAA,CCTCTTTTGAA,AATCAGCACAT,CGCGTCGGTTT
303,261,149,173,171,north,0,CGATCCTCTAA,CTATTTTGTGT,TGTCGCCGCAG,GAACCGGGTTC,CAGACTCCGAA
265,11,194,105,148,south,1,TCCGAGTATAC,ACGGAGTACGC,TTTCAGTTTTA,TTTGTCAAGAA,TAACTGGTGGG
132,95,80,127,126,north,0,GGAGACGAGAA,ATGGTCACATA,GAACACGTTAT,AGGATCATGGG,CTGTGCTTTCC
62,274,143,199,174,north,0,GGTTTGGTCAG,CTAGTGGGTAC,ATGGCAGCTTC,TACGTAAAGTC,TAAATTGACCT
269,194,76,75,117,north,0,GCACGGTTCGA,GTGCACCTCGG,GCCGCATCAGT,AGAGGAGAGTA,ACCTAGTTCGT
278,8,116,134,88,north,0,TCTCTTACGAT,ACACACGGCGA,AAGTACGAAGG,CGAATCTTTAG,CCAAGTGCAAC
108,248,141,126,140,north,0,GTAAGCTGACC,ATCCCTTCTCG,TGGGCGTGCTT,GTAGCCGTCTT,TGGGAACGATC
106,94,97,172,161,north,0,ATAATTTACCC,CAAAGCGACTG,ACAGCTTGTTC,GTCTCCCCACA,CGTGCGGTCTG
13,210,174,69,175,north,0,TTATCATCCAG,GCGGCAAATTA,CACCAAGGGAG,TCCCACAGTCC,CGCTACGTTAT
102,147,120,69,113,north,0,GATGGAAACAA,ATCTATTTGTC,TATAAATCAAA,CCAGAGGATCA,GCATCTCGGCA
67,269,117,74,141,north,0,GGTTCGCTCTT,CTCGAGTGGAT,CAAGAGCTCCC,GTTACGTAACC,ATGCAAGGTCT
17,267,124,128,66,north,1,CATATACTGCT,TCGAACAAACA,CGAGCCTCGGC,GACCCTCTGCG,ACAGACTAAAG
214,28,142,93,124,north,0,CGATACTCTGC,AATATTCGGCA,GAACAAAGTGG,TTAGATCTGAG,TTGTGTAGAGT
282,268,108,152,115,north,0,AAATTACATTT,ATACTGTCATG,TAAGACTCGTC,GCCGGGTCCAG,CTTCTAGCAGG
214,242,107,91,150,north,0,CTAACAGTCTG,GTAGATCGCAC,CTTGGAGCGGG,ATATGGAATTA,AACCGTGGGTA
289,63,79,73,173,north,0,GGCAAAGTATG,AGACTGTTTAC,GTAGATGCTGC,ACTAGATGTTT,CAGGAAGCCGG
157,226,147,108,145,north,0,TTATAAGTTGC,TGCACTAGCTA,ATCGCGCCTAC,GCCGTACGACT,GTACAAATGGT
131,59,145,124,136,north,0,AACTGGAACCC,ATGTCTTCTAG,TGCCACTAGAT,TTCACAATTTA,TAGGCTAGAAA
85,71,185,90,134,north,0,TAGGCAAATCT,CCCAAATCGGT,CGCCCGAACAG,TATGGCGTAAG,TATGATTTTGA
88,168,118,90,160,north,0,GACCATTGAAG,CTTGGGATTGT,CGGTACCGTGG,AGAAGTTCTCA,CCAACATGCGA
259,73,109,54,182,north,0,ACTCATATTAC,GTGAAGTTTTG,GAACAGTATGA,GAATCATTCGA,TTTGAGGGGTG
222,121,126,143,145,north,0,ACCCGACTTCC,TCCCCGCCAGG,AGTCGTATCTA,GTGCCTGCGGT,TATTCTTGTGA
44,227,91,102,112,north,0,AGCCAGGCGCT,CTCTGAACCCG,GGCATATCGTA,CGAGCAGAGTT,AACTGGCAATC
206,238,30,197,137,north,0,AGTATTTGAAG,AAAGCGCTGTC,AGGGGTCGCTA,ACCTTCCTTTG,ATTATGTCCGA
118,208,121,123,147,north,0,CCCTACATGAC,GTAATTGAATG,TCGGGGTTTTG,ACAAGCCTCAG,ATTGCAGCTCT
138,148,146,144,79,south,1,CACGTGATCGA,TGGTACGCAGC,TGCTGCTAAGG,GCTCGTGTATA,ATAGTTGCCCA
269,174,112,101,158,north,0,CTCGATGAGTT,GCACGGCGGTA,AACCACTAGCC,CCAGCAACTTC,GCTGTAAATAT
196,145,105,97,114,north,0,CTAGAAACCCG,ACGCCAACGAG,GTGCAGTTAGA,ATTTCGCGGCT,CAGACCTATGC
164,96,98,89,122,north,0,GAGGGCGTTGT,CCTCATTCCAA,GGAAGTCTGTA,GTCTGTAAAAC,ACTAACTTCGA
187,241,161,130,117,south,1,TGCCTGACATG,CACGGAGTCTA,TCTACTCTGAT,GCAAAGCAGAC,GTCGCCAATGG
294,292,88,109,192,north,0,ATGGAAAAGTG,GATCCCATGTC,AGGCTAGATCT,CTCCGTGCTTA,GCCAGAGATTC
56,251,72,122,134,north,0,ACCCTAAGAAC,TACTGATTCAG,GGAGCGGTCGG,ACAACGCCCAT,AAGGACAGTTG
266,42,134,84,67,north,0,CAGCAAAGAAA,GTCTCACAAGG,GGTTCAAATCT,CTTGGTTCATT,CAAGAGTCAGG
268,33,82,150,84,north,0,GGGTTACGAAA,GAGAACCCGAC,ATAGACTCCGA,CCCGTCACGAA,ACGCTCCTCGA
36,144,152,127,80,north,0,GTACCTTTGGG,CCAGTGTAGGC,TGTCTACCGAT,AGTAAACAGGG,TCCTAGACGAC
237,212,167,131,142,north,0,TTGTTTTTCAC,AATGGTTTACG,TTGCCTAAGGC,GACCATGATGT,TTTTACTGTCC
226,155,152,152,120,north,1,ATTTGCCGTAA,TTTTGATTCCA,TATTTCAAAGA,CAGCTAGGACG,GCCGCGTTTAC
243,186,148,144,132,north,0,TTATCTTCCCC,ACTCTACTCCT,GTTGGCCCCGG,GGTAATCCAGT,TCTACCGGCGG
287,38,168,111,119,north,0,TGAAAACCGGT,CGACACTACCA,TAACTTCTTCG,CAATTCCTATA,CCATAGAGGAG
251,253,152,131,102,north,1,ACAATGAGTGT,CCGGATCGACG,CGCTCCAGCGG,TTCAACTCAAA,CCAACTCAGCT
73,110,166,131,144,north,0,CCCGGCGCTCA,CCTAGCCCGCG,GTCAAATGGAC,TCTCTGGTTGA,CAATTGTGGTC
258,162,172,122,177,north,0,TGCAAAGATGG,GTAATTGACTA,CGCGAGAAGTC,TGACCAAGTCG,CCTGTGTACGC
205,144,159,114,151,north,0,ATAACTTGCCG,TCACAGTATAG,TCTATCGGGCC,CCCGATGGTTA,GTGCGACCATG
112,164,180,116,176,north,0,TATTTTGTTAT,GCGCAATCTAT,TCGAGGAGTAG,CCGTTACCACC,TAGGACGATTA
92,136,195,152,140,north,1,GCTTATATCGT,TGGTGCTGAAC,CTCTCCTGGAG,TGACTTAGTGT,TTTCCTTATTC
222,99,107,152,98,north,0,GGCTCCGGGTC,AAGTATCTATC,CTAATGGAGGT,TGCGGATGCGC,ACTGTTCCGAC
35,209,147,133,73,north,0,ATTGCCAGTGG,CCCCTCGTACT,TAGCCAAAATG,ATGAAATCATC,TTTTCAGCAAG
153,125,145,120,148,north,0,TCATGGCATGG,GAATAACCCCA,ACGTTGCAGAA,TGTTTCATGTT,CCCCATTTCTG
190,143,125,97,114,north,0,CCCTAAGCGCC,TAATCCTACAA,GAAAACACCAA,CCGCGGTTAAT,AGTTCTGCTAC
98,192,103,128,88,north,0,TATGAGCCAAA,GATACGCTAGC,GGGGTAGATCA,GCAAACACGTC,ATGGTCCGGAT
60,64,141,84,116,north,0,ATCCAATAGGA,TGTCGCTTCGA,GTCCGAAAGCG,GGCTTGGAGTG,TGGCAGGGCAT
152,84,78,114,114,north,0,AGACGGGCATG,TTTCAGTGGAT,GGTAATGCCCA,AATTCGCAGTT,AATATTTACCA
288,237,130,134,151,north,0,TTGTCACATGT,ACCCGCTTCTT,GCGGAGAGCAC,CGCCTTGCAAG,GCTGCCACTGA
149,246,102,91,146,north,0,AAAAGTCCACG,CTAACCTGTGC,ACAAGCCGTGT,GAAGAGCACGG,TCTTACAGGTA
289,12,107,134,142,north,0,CTGACGGAGGA,GAATTGTCCTT,GTGCGTGCCCA,GTCCCAATCTG,ATACATGCGCC
86,144,100,87,171,north,0,GACTAGGTCGC,AGTTGCCTTTC,GACCGGTAGAT,GGGGTAGATTG,TCTCAGGACAC
56,173,149,110,126,north,0,ATTACCGTAAC,TCGAACCGTAT,CCCACCTGTGG,CCAAAGGAGGA,CAGACGCACAA
197,107,140,58,119,north,0,TCCGAGGTCAT,GGTTAACACAA,CTAACATGCAC,GAAAAGTGACG,CAGAGGCTCGT
197,79,159,142,105,north,0,CTTGAGTTATG,TGCTTGTGGGC,GTGTCGATTTT,GGGAGCTGGCA,CTCCTACTACC
242,97,118,99,132,north,0,CGCTGAATTGA,GGCAAGCAAGA,CGATCGGTTCT,GCGTCCGTCAT,GCGAGGGTATT
249,269,133,108,82,north,0,CGTCCGTTATT,AAACCAAGAGG,CTGCCGCTATG,TCCGACTGCGA,GGTAATGCCAC
197,14,117,166,120,north,1,CACCCATATAA,TAGCTGGGAAT,AGAATCTACCT,GAAAACAGCAC,CCCTTGATGGT
179,11,109,187,176,north,0,GGGCCTGGTTC,CCCGCTGGCCT,CTACCTAATAT,GGGCTCTCGTC,AGCTCCATCAC
81,51,103,170,113,north,1,CTGGAGCCACA,CATCCAAATTG,GGTCTTGCATT,AGGGTAGTTGC,GATGTTTTAGA
239,176,140,74,60,north,0,CAAACGATGAG,CCAGATCTAAC,CGATAACCGCC,CTCCAGCGACC,GGAACAACGGA
291,92,163,125,148,east,1,CTTGCCAGGGA,GAAGAAATCTC,TCAGTTAACAT,TTTCCCCTTAG,GGGGATATCAT
290,153,140,93,156,north,0,ACCACGAACTA,GTTAATTTCTG,CCCACTTAGTC,TGAAAATGCTT,CCAGATCCGTG
151,209,189,129,145,north,0,TGCTGTTGGGA,TCCATAGACAG,GTCCGTTATCT,TATGAAAAATG,CCCCTATATCG
68,280,108,99,114,north,0,TCTAGCGGAGA,ATGTGAAAAAC,GCAGAAAAGTG,ACCGTTCATGG,GTAAGGGGTGT
271,32,138,112,128,north,0,CAGTCGCGCTG,ACCGAAGGACT,GACGGGCACAG,TGGGTCGTCCC,TCCAGGGTGTG
266,63,92,83,169,north,1,CACCGAGTTGC,AAGTACAGTGG,CGCCGCGATAA,AATATAGCGGT,CGGGAATGCAC
193,63,112,149,155,north,0,ATGCTAGCCGG,CTGTCAGTACT,GCAACCGTCGC,AGGTTCCATCG,TGAAAATGTAT
286,92,90,89,92,north,0,AAGCAGCAGCA,TACAGAACACT,GCATGAGTACC,GTCTACCGGTT,AGGTTTGTCGT
167,222,145,153,104,west,1,GGGCTTACGCG,TTCCCTACTCT,TCCGCATTAGG,CGCACTAGACT,AACAAGCGGTC
292,135,94,138,108,north,0,GGTCCGCTCCC,CAGCCTTCAAC,GGTAGGACCCG,GTTAGACGCAT,AGTACTTCATT
77,66,104,159,137,north,0,ATGCTGGACCA,GCCAGTGATCG,CATCTTCTAAA,GAGTCTTCTGA,CGCGAGCTGGT
162,5,136,108,74,north,0,TCTCCCTGGGC,TTGGATATAAG,GGCGCGCGATA,GCGAACACCCT,AATACAGAATT
147,92,142,180,158,north,0,CTGCCCCACTT,GCTGTATAGCT,TAGCATGAGAA,AGAATCTACTC,TATGTTACTTC
263,237,119,114,154,north,0,GTGACTCATGA,CTATCAATCCC,TACGATCGGTT,GGACGGTGGTA,AGATGCCGCCA
274,118,74,145,68,north,0,AGTCGGGGATC,ACAATCAAATA,ATCGTATAAAC,GAACGCACCCA,CTCTGTGCGAC
269,216,146,90,143,north,0,CTTGAACGTAA,TTTACTGAGGG,GGGGATTTCGT,CTTACAAAACT,AGGAGAGCTTA
14,223,187,140,137,north,0,TTGAGGGAGTT,CGTCTATCGCT,TGTAGGGCGTC,TGGTCCATGTC,GCGACCATTGC
84,173,183,140,114,north,0,CGTGCCTTCCG,ATAAGGAGAGA,TTGCCTCAGAA,TCAAATTCGCG,TTATTACATCG
110,250,127,171,106,north,0,TCTCTTGCAAG,ATTTTTACCGT,CAGCCGCGGTA,AGTTATCAACT,CCCTCGTTTGC
14,235,91,106,78,north,0,ATTCTCTAAGA,CTACAGGGGTG,GGAGAGAAACA,GCGGATGACGT,ACGATATTGAC
269,288,96,142,121,north,0,CAGGACTTAAT,ACACTCAACAG,CCCGATGACAC,ATGATGACGCG,GGTTCTAGTCG
173,151,178,104,100,north,0,GAGATTCAAAT,TTTTAACAGGG,CCTGATACGCC,CTTGACGTGTG,TATCCTACCTT
158,113,177,118,146,north,0,TGGATAACCTA,TTGACATAGCG,GGATAACATTA,GTGAAAATAAT,TCCCTTGCTAT
259,149,51,97,119,north,0,AAAAAGATTGT,CAACGGAAGCG,ACCGCGAAAGG,ACGTTAATGAG,ATAGACTTCTT
299,177,110,138,115,north,0,GATACGTCTTA,ATGGTCTTAAG,TCTGCCCAACC,CGTAAATTCTG,AGTCGCTCGTA
66,96,144,115,72,north,0,ATCGACTCCGT,CTCCCATAACC,TCACGGGTAGC,GGTACGTAGCG,CCACCGGCACT
90,172,148,118,89,north,0,CGCCACTGAAT,CTTTTTGACCG,GCCTCTGACAA,TCCCACACAGC,ATGCGGCAGTC
199,47,129,94,153,north,0,GCAGAAAGAGA,GGTCACCATTC,CCTTCATGTTG,GCTGGCCTGAG,CCTCCTGTTAA
17,266,69,167,162,south,1,ATGCGTCGCCC,AAATACTCCTC,CACGTCGTCGC,ATCATGCGCTC,GCAGTCAAGTT
290,294,124,118,131,south,1,ATACTGCGGTC,TAGGTCCTGAC,TTTTACTATCA,GCAAACGCCGC,AGGTATTAGGC
179,54,84,95,157,north,0,AGTTAACTTGA,GAGGAACTACA,GATTCTGCTCA,ATAAGTCGGTG,TAATCGGTTGA
285,80,117,145,124,north,0,ATCGACTTAAA,AGGGCTCGCCG,GTAATAGATGT,TCTGGCAGGCT,CCAATACTCAG
212,107,100,126,77,south,1,AATGACGCCTA,TCCGGTCTAAC,ACCATGTCGCC,GATCCGCGAGG,CACGGGTCGGA
300,41,138,105,84,north,0,GACCAGGAATC,TGCCGTCAGTT,ATCTAGCTAGG,TTAGGTTAGTT,GCACTCCTGCG
181,91,75,158,141,north,0,ACCCTATACTG,AGGAGGTTAGT,ATTACAACGGT,CGAGCACGTCT,GCTTTCGACCT
90,274,112,149,84,north,1,ATGAGTAGATA,GGACTCTGAGC,GATTGAGGCTT,TTTCGGATAAC,GGTCTTGCCGT
208,261,159,124,133,north,0,GCTCATCTACT,GAATGAGCTCT,TCTCTCATCGA,CCCGTTCGACA,TGGAAATTTGG
283,51,101,164,108,north,0,AGAGTCGCACG,CCGTCGGGTAC,GTGACGGCCCT,AACGTCTGGTG,TAGAATCCAGG
263,202,89,133,130,north,0,CAAAACCCTTA,TCAACTCGCCA,ACCCAGCCAAA,ACACCCGACAA,AGACTTCCGTT
207,119,108,85,87,south,1,GATGACACGCT,TAGTTTGGGCC,ACCAAGGACAT,CGGCAGGTAAT,GACTGCGTGAC
290,17,110,82,100,north,0,CGTCGCACGTT,ACTAAAAAGGG,TCATGGTGAGG,GCGGATGGACT,AGGGCCGCTCG
229,294,114,146,154,north,0,GACCTGTGGTT,GTTTGCGCTCA,ATCAAGCCCCA,TTTCTCCATGT,ATCTCGGGACT
78,265,68,128,104,north,0,AATCGATAAGT,AGCTGGTTGCA,ACGTACCGCAA,GTGGTTGGGGT,CGACCTCCCTA
270,112,47,157,104,north,0,AGCTTCGGGAG,AGAGCAGGGGA,GACGTGAGCCT,ATAGGCCTCAT,GACGGCTCGAA
123,5,197,131,116,north,0,TGCGTCAGTCA,TGGCCCATACG,CAGTAAAGGGC,CCCTTACTGCC,TTCGATTTCAA
46,292,107,129,112,north,0,AGCTTTTACCA,GTCTGGGGACA,GAACCTTGGCG,GCAGACGTTCA,TCAAGGATATA
241,263,99,148,109,north,1,CCCTCAAGGAG,CAGCTGTTGGG,ACCACACCTCC,AACCCCCGAGC,CATTGGGACAT
139,279,121,119,129,north,0,TTAGCACTTCG,AAACCTCGGAT,TAGGGCTTAAC,ATTCGCCACGT,GCGTATTACTG
72,116,136,65,172,north,0,CCTTAACATTT,CGGGGACCATG,GTCCTACCGTG,TAGTAGGTTAG,ACGGAGGATTG
290,244,151,167,140,north,0,CGCCTGCGATT,GGTACCGGCCC,GGGTCAGGGTC,TCCGGCTGCTT,CTTCTGGGCCG
172,22,100,196,116,north,1,CACATCTGCAC,GAGTTTGTCTG,CGGCTCGTAGC,CAACCACTTTA,AGAACAAAAAA
289,11,136,130,100,north,0,TAAAACCATCG,CAGCTACGAGC,AGCTACACCAC,GGAATTTGGAA,TTGTGTTCATA
302,258,74,151,156,north,0,AGATCTAGTGT,GAAGCTTTCGT,CCTGTAATGGA,ACTAGCTCGGG,GACGGGACTTA
80,139,156,101,89,north,0,TGGTGTGGAGG,TCCTACTTAGA,TCTCTCTCCAG,ATCCAGCGACG,ACATGGACTTG
21,242,61,94,80,north,0,GACTGAATGGC,ATATGGGGGGT,ATATGGTGGGA,GACTCGTGACG,ATGGGAGTGCT
212,50,136,75,79,north,0,AGCGAGCGCGG,CCTCATTTACA,AGAGCCCGATC,TCCTAGTAACC,TCCAGGCCGTC
177,5,107,105,123,north,1,GTAACGGCATA,CACAACGGTCC,GATGGTAGAGG,AGGCAGTATCC,CTTCTACGGGG
59,62,131,140,176,north,0,TTGCAATTGTC,CCTGGGCACCA,ATGATACCTAG,CCCCCTATTCC,AGAGTGCTCTA
253,188,135,129,138,north,0,CCAAGGTATAA,GACTAGCGTAA,GGGGCTTTAGA,GTTGTCGTACC,TCCCGCTGTTT
92,29,152,72,104,north,0,TCTAAGTGGCT,ATATGTACTAA,TCTTATGTGAC,GGATAAGGATT,CGGTCGTGGGT
6,153,150,127,71,north,0,GTCGTAACGCT,CCCCGCATACC,CAACGAACGCC,TGATTTGCGAA,GTCAACACACC
124,140,143,127,162,north,1,TAGATTGTTCA,CATCCTGATCA,CAGAAGTAGGA,AACTGCTGCCA,TCCCGAGTGTT
81,255,121,75,136,north,0,TAAGACCGTAG,TGAGCGGCTCT,AACCATTTCAT,ACAAGGTAGGC,CCATAGTGAGG
35,302,128,133,92,north,0,GGTCATACTGT,GCGTCTGAAAG,CGCCGGAGACG,TAACCCTAAAC,GCAGCTGCTAA
52,205,143,176,126,north,1,CATATATGAGT,TCGTTAAATTA,CGCAATTTCTG,CGGACTGCAAG,ACTGTCTCCTG
117,97,102,151,187,north,0,GCTTCGCGGTA,GGCCTCAGTTG,GGTCATGACGC,TGGCTCTCTGT,AAACGGCCTGA
64,267,136,106,76,north,0,GTGCACCAACC,GATTAACTGAA,TTAATCAGGTC,CCATGTTGAGT,GGACCAGGCAA
107,298,157,152,199,north,0,CTAGTCAGTCG,GCTTAGCTCTC,CGATGGGATTG,TTAACTGTTCG,GTAGTTAGGTA
276,275,94,182,93,north,0,CAGATAATACA,ACAATTAACAA,CCGATATGACG,GGTAGGATTGG,ATGGCTTAATT
176,221,186,117,136,north,0,CCTTGAAATTC,CCAGGTTTTGA,CCGGAAAGAGC,CTTGCCGTGCC,TTACTCGGGCA
171,208,105,109,114,north,0,GATACGCCCGA,GAAGAAGGACT,AATCCGCATTA,CTCGGTGGGGA,CTCTGTGCGAA
159,77,64,155,152,north,0,GACGCGCGCTA,GTGCGTACAGT,AACCTTTAGTA,GCATGTAGTTT,AGGTCGAGTAA
293,189,143,100,113,north,0,CCACGAATAGA,TGGTTGCCGAC,ATTTGGTGTCG,GTTTGAAGAAG,CGCAATTATTC
111,109,93,137,127,north,0,GGAAGCTACGT,CATACTTCTGA,CAATTGACACC,ATGTAGGGTGA,ATTACGTTAGC
36,161,91,116,108,north,0,GATAATCGGGG,CTGACGAGTCC,ATAGCCTAATA,AGGCACACAGC,CAAGCCTCCGC
289,159,156,144,119,south,1,CTGCCCCCGAA,CGCTAAGACGG,TTTTTTATGAC,GGGATGGACGT,GCTAGGTACGT
188,300,142,107,123,south,1,CACGTCTAGTG,TACAAAGTCAA,CAGAACAAGAT,CGTCGTCTCTA,GGGCCATAGTC
96,141,179,110,140,north,0,TTGTACAGGGA,GCTAGTGCCTC,CGCGGCTCTGC,CCCACTTAAAC,TGTGGCGCTGC
185,96,152,146,150,north,0,CGCGCTATCAC,GCGATACAGTA,CAAACCGCCCT,TCTTATCGTGG,CATTCAAGGTC
249,229,160,147,110,north,1,CTGACTAGATG,CTAAATCTTGC,TTTATATTGAC,AAGTGGCCCAG,CTCTTATCGGA
22,90,125,109,114,north,0,GGGGGGATCCC,GTAAAATGTCA,CGGTTAGTAAA,GATACGTCCGA,TACTGGTAACG
51,108,190,121,197,north,1,TTGGACCCCGT,CTACTGTATGA,TTTAAGATTTG,TCGGGCCTTTA,ACTCTGCCCAT
262,250,159,112,120,north,0,GGGATGATTGG,CCCCGCTAGCT,TAGCAAATAAG,GGTCGAGCGTC,TTCTCCCCCGT
149,219,144,98,83,north,0,CGTCAGCATAT,TCTCAGCGAAG,AATTCCCCGAA,CGCTCAAGACC,CGCTCGACGCC
19,183,101,110,93,north,0,GCATAGGCAGC,TCCGTGGTCGG,AGCAGGTTGGA,CGAAAGGTACT,AAGCTAGACCT
138,164,159,163,160,north,0,TGAGTCCCCCG,CATCTTTAGTT,GGGCGAACCTC,GTCTCCACTAA,TCTGGCGGCAC
126,142,99,146,151,north,0,CTCAGGTTTAG,ACTTCTTAGCG,CAGTCTTGTAC,AGGACTATTTA,GCTTGATTAGG
252,212,121,87,124,north,0,TATAACTATGA,TGAAGTACTGA,CAGCAAAGACA,AGGCGCATCGG,ACCGCTACAGT
81,101,154,93,113,north,0,TTGGTGTTACA,CAATGCTGTCT,CCGTGAAGAAT,CCCGAAGCACC,ATCTGAACTTC
170,145,98,125,172,north,1,GGCCAGCTTTT,TTCCGCAACTG,ATGCGTAGCCT,GGATCGAGTCT,AATGTTGAAGG
39,263,83,139,70,north,0,AGGCTCTAAGC,ACTTAGGAGGC,CGTGCGACGCC,CTTGGATGACA,AAATTGCCGCC
205,237,133,119,117,south,1,CACGTTGGCTG,CATAGGTTGGT,AACTCGTGACG,CTTCATAGGTA,CTTAATGACCC
232,172,128,128,165,north,1,AATTTATATCA,TTCAAACCTCG,GTGACGCTAAC,GGTCCCGCCCG,CCCGGCCCTAT
175,285,187,172,115,north,0,TGTCTTACAAG,TCCGAGGACCG,TAAGCAGCTGG,CCGTTTCTCTA,GTTATGGTAGG
52,97,101,166,184,north,0,AAAGCGGGTCG,AGTGCATTTGC,TCTGTACCTGA,CAAGGGGCGCT,GCTCTTTCCCG
235,296,133,184,93,north,0,CGTCTTTCGGA,ATCAGTGGAGC,TGTGTGGACAA,TAGCCGTACAC,ACAGCTGCGCG
96,173,112,144,139,north,0,TGCTGAGGGCG,GGGTTATACTG,GAAGTTCGAGT,CGTTCGCATAA,AGTCACTTTAG
248,275,140,135,132,north,0,GCGTAAACTGA,CCTAGGAGCTC,TCACCTCAGAC,GAAATGTTACT,CACTCTTACGC
6,183,154,107,118,north,1,TCTCGGTGAAC,GTCGTGACTAC,CTCAACTCTCG,TACCGACACGC,AGCCGTGAAAG
208,78,131,143,132,north,0,GGTCTGCGAGA,GGGTCATCGGC,TTGAAGCTGTA,ACCTCTTTTCA,CTTGCATGTCA
61,111,147,193,130,north,0,CTCCCGATAAT,AGATTCCACAT,TAGGTCCGATC,GGTTTTCGTAA,TTAAGCCATTT
142,170,132,158,208,south,1,TTCTTATCTCC,AAAAACCTTAT,CCATGGATTAG,AAAATGGATAC,TTGCTTCCTGA
197,272,74,167,116,north,0,AGGAGCAAGGG,GCCGTTAGTGT,AGCGTATGATT,CTACCTCAGAC,ACTGGCTTCGG
173,50,111,119,77,north,0,GACATACGAAA,GCACACGGGGA,AGTACGAACGG,GTTAGGCAGAG,TCCTCAAGGGT
45,173,162,115,96,east,0,ATAGGTAAACA,TGGGAACAAAC,CTATCACGCTA,CTAGTTTTTTA,TAAAGAACAGT
152,37,59,118,102,north,0,GAAACAGGAAT,ATTGAGCGCAT,CGCAGAGAGTA,AAGCCTGGAGC,AATTCTCCTCA
173,109,164,91,66,north,0,TAACTACCGGC,CGATTAAAATT,CAGAAACCACA,CCAGAGCCGCC,CTTCAGCTATA
134,286,145,127,198,north,0,AAGACCGGCAG,TTGGTAAAGTC,TCCTGACCTTG,TAGAAGCCTTG,ACTTCTATTTT
69,226,171,119,161,south,1,TCTGGATAATA,CACGGGCACGA,TCGTGCTATGC,CGTACTGTTAA,GGTCCATATGA
199,151,139,106,175,south,1,CATGGTGCTTG,CCTACGTTGCT,CTATAGCTGTC,TAGGACAATAG,AACATAGGTGA
11,204,98,148,101,north,0,AGGCGTTGAGC,GGGAGTCCATC,CTCACTATCGA,AGGTTTCCGTT,CTACGAGACCA
67,211,131,104,175,north,0,GCTTCCCGGCT,TCGCCGCGTTC,GTTAATGTTTT,CTCAATCCCCA,AACCGGGGGCT
157,276,199,145,113,north,0,CGAAGGTTTCA,TTGACGTCCTT,CGCGATATAGG,TTGGTGCGGAT,TGGGTATGATT
260,240,123,97,114,west,0,TGCTTGTCATC,GGCAGCGTGCT,ATTTGACTACT,AATAGGCGCGC,TCCGAAAATGG
121,244,107,82,82,north,0,ATACGCTCGAC,ACCGGCTTGCG,AGAGGCTAACT,TCACAAGAGGG,TACGGATCGTA
15,109,134,136,56,north,0,TCACAATAATA,CCGATCGGATT,GGCTTATAAAT,GGCAAAAAACA,GCGGTCTGCAA
122,20,63,160,100,north,0,AGCCGTCTGAA,GGAGTAATCTA,AATTCTGAGCG,CGTTATCACGA,ACACTTCGAGA
46,76,86,159,102,north,1,GGGTCTCTGGA,ATGCTAGTCTA,CACTGGTGCCT,ATATTTGTGAG,GCGGGAGTAGA
209,222,122,138,125,north,0,GAGAGACTGGA,ACTGGTCGTGG,TCATCTGAAGG,ACAGTCTTTTC,TCTTGATAGAG
12,273,113,116,123,north,0,CAAGACTCGTC,GCTTTTATGTC,GGTTTAGCACC,GAGGATAACAG,CCATACTGTAT
303,38,54,155,160,north,0,AATAAAGAGAG,ACGGTGCACCA,ACATCGATTGT,GCACTTGCCAC,GGCGCCGATGC
28,215,119,125,173,north,0,CGAAAACGCCA,TGCCTATCTAG,GCTAGATGTTG,GGGCGCGATTT,ACCGTCTAAGA
114,178,110,154,142,north,0,GGTATAAGCAG,TGTTAAGTATT,CACACAGCGGA,ACTGTGAGTTG,ATGCTCGGTAG
70,56,160,171,145,north,0,TTAGTGAGTAG,GTCGTGTTACT,GTGTCAGCGGA,TGTGGCCACCT,GCGCCTTGTCT
304,184,131,115,94,south,1,AGGACGCCGAT,TAGTTACCCGA,CTTTGCTTACT,ATACGCCCGGT,TAGAAAACGTG
186,268,71,99,110,north,0,AACGCATTAGC,AGCCATAGCGT,ACGAACATAAC,GGACTAGCTAA,TACCGACACCT
114,198,142,134,52,north,0,ACTGGCACACG,GGTCCACAATG,TACTCAAACAC,TCTTGGAGAAC,CAGGTCGCAGT
286,113,179,115,63,north,0,TCATTGACGCC,TCTGAGGAGAG,CGTGGTTAAGG,AGTTGTCGAAA,TTATGCGGGTT
266,62,147,203,130,north,0,GCTGTGGGCGT,CTGTTCATATC,CAACTCCTCAA,GCCGCCGTCTT,TGATCCTGGTT
234,143,103,84,105,north,0,GCAGACTGTGA,AAGCTAGTAGT,CTTTAGACGGC,CGTAAAGGGCC,GAACCGTAGCG
196,61,137,191,132,north,0,AAGGTTGACTA,TGCGCGTTTCG,TGCCCGTGGGA,GGGGCGAACTG,CCGATTTAAAA
43,80,100,154,112,north,0,CAAGGAGAAGG,AGCTTTTTATA,GGTGCCGGGTA,CACAGATTTAT,GTGATATCCTG
37,302,111,88,176,north,0,AAGGACGACGC,CCGGGATCTGC,CCCGCAGACCA,TAACCTCCCGG,AGGTAACTTAT
226,154,81,92,79,south,1,AGGTCGTACAC,GACCAACAGAC,GGTGAGAGCAT,GATTACTAACC,CACGTCTCAAC
200,145,120,136,137,north,0,TTCTACCCGAG,GCCCGTAGCAT,CGCTTAGGCAA,ACATCAAAGCC,ATGTTACATTC
271,60,91,129,128,north,0,CCAACATCAAC,CCAAATGTTTT,AGGACCGGCCG,AATTGATCACG,GCGATATGCTC
175,72,104,149,107,north,0,GGAATAGCCTG,TCTATCAACCA,GCTCGCCAGCG,AGCTGCCGAGC,GAGGGTGAGAC
119,5,169,158,136,north,1,TTTATCCGTGA,ATAGATGGGTG,CCGAGGTGTAA,TGCGTATAATC,CCGCTATTGTA
217,250,225,129,183,south,1,TTTGTCCATGC,TCGGGGACCAC,TAGAGAGACCT,TGAGAGACTCT,TCTCTTGTCGT
211,277,144,116,129,north,0,TATGTACCTTC,CAACATCTGAA,TGCGAACCGCA,GAATGACGTGC,GCCGTCTGAGC
170,239,81,181,73,north,0,GAAGCGCCGAT,GCGTCCAAGCT,GTAGCTAGGAC,GGCCTACTGCA,ACGATGGGAGA
86,105,76,156,76,north,0,CGGATAACGCA,AATGCTGTGCA,ATTGCTAAGAC,GTATCACTAGA,ACTGGGTAGCG
67,266,109,44,105,north,0,GAACAATATAA,GGGTATCTGAT,CTCCAGGAAAC,CCGGGTACCAA,ACCGAGATGTT
251,101,95,81,92,north,0,ACATAACGGCC,TACTATAACAG,GACCGCGTGGG,GCTCCGGTAGT,ATGGGGTTGTA
10,254,134,64,100,north,0,GCGAAGGTTAA,TGACATCAACG,TGCGAAATGCA,AATTCCGAACG,CAATGATGCGA
188,92,120,165,60,north,0,GACATCCCATT,TATGCCACATC,AACTTTATCCC,CGACCACTAGG,CCCGATACAAA
113,77,147,149,169,north,1,GGGACATCGTT,CCCATCCGCCT,ACGACCCCTTT,TTTCGGGTGTC,TAATGTGGCTG
288,300,154,98,86,north,0,TATTAGACAGA,CGCCGACGCAG,CAGCTAACGAA,CGGACCTGTAG,CAACACAAAGC
227,132,150,160,80,north,1,TTTATGCAACC,GTATTCGTAGC,GCGTCACAAGA,GCCACTTCCGA,CTAAAGTGCTA
302,227,107,111,120,north,0,AAATGTATATT,AGATTCATCTT,GGCAATGTCCT,TAATAAAAAGT,TCGCCGTTCGC
296,184,147,174,125,south,1,TCAGCGGGAGG,GCGACATACTT,TTTGTCTATGT,GGTGTTTCATG,GAAGGGTCCGG
297,94,142,102,150,north,0,TAGACGGCACA,CCCTAGCATGT,CTCCCGTGCCC,CGTCAACATGT,AAACCCTCGTA
36,176,176,134,129,north,0,CGTTGGGAGGG,TTATGCTTTGT,GAGCAACGGAA,CTTTTGGGTTA,TGCGTTTCACC
69,293,134,152,176,north,0,ACGTCGTGGTG,TCTTACTCTTG,ATCTCGGAGGG,CTTTTACACTT,CGACTGAGTTC
182,233,133,182,93,north,0,ATATGTGTGTC,TGCGTGCTAGA,GTCCTCCCTAC,GTCGCATTGGT,CGTCTAGGACC
301,241,141,107,108,north,0,GACCTCACAGT,CATCTATATCA,GAAAAAGCAAA,TACTAATTTGC,TGTCGGGTGAT
275,198,133,122,118,north,0,TGCTCCTGCAT,CAACGTGGAGT,GATATGCAGGG,TCTGACTACTT,AAGAATTCCGC
284,122,87,142,136,north,0,ATCGCTTGGCG,AGCTCGTCTGG,AGCAAACGCTT,CGTCCGGACGA,CCTATATTACC
128,38,111,69,140,north,1,AAGGACGAAAA,GCGCCAATTTG,TTCTGTTGCCG,CCCAAGTACCA,ACAAAGCCCAG
132,292,103,104,139,north,0,CGGGATTAAAG,ATCCGTCCTGT,AACCCGCCAGT,GGCTGGTATGG,TGATGGTTTCC
69,292,123,124,84,north,0,GGAGCGACGCC,CCAGAATTACA,TCATCTCAACC,AGACATACGCC,CAACTCATCAT
239,256,162,119,76,north,0,GTTTATCAAGA,ACTTTGCCACT,TTATGATAACT,CCTGTAATACG,TCAAATGGTTA
72,258,97,157,83,north,0,CAAGAGCCGAC,ACGTTTTCATT,AATGTCCTGTC,ATTTTTGCATG,TTAGAGCGGTA
199,236,54,93,145,north,0,GTGTACGAGGG,AAAGCACGACG,GTGGTACCCGG,AACGATCGTGC,AGTAACGATTG
99,158,91,115,87,north,0,CCCGATATACC,GTATTTGCCTT,GTGAGAGGCCG,AAGCGTCTAGA,ATATGGCAAGT
52,167,77,122,163,north,0,GGTAGTGACTC,AACTTCCATTA,GTTGGCAGCCA,ACGCCGAGTAA,GTCTAGCAACC
96,235,122,118,71,north,1,ATCAGAAGATG,AACGTAAGGTG,CATCGTGTAAT,TTCAAGTACCC,CGTCCTCCAAC
36,73,121,114,125,south,1,CACGGTCCGGA,ATGACTAGCAA,CACTAGGCAAA,TACGGCTCTCT,GATGCACTCTC
247,269,115,154,181,north,0,GTTCCGCGCAA,CTCTTGGAGCT,TCTACGACTTA,AACTCCTTTGT,AGATGGGTTGG
274,276,121,134,116,north,0,TTACCGTCCGC,GCAGTAATAAC,TGGTACATTCA,AGTCTTATCGC,AGGGACCCATA
72,5,192,157,105,north,1,TATTCTTTCCA,TTTCCCGTGCG,GTAGTAGACGA,CACTTAATACT,TTCGACGTGGA
16,5,122,114,124,north,1,AAGGTTTGGAA,TAAAATGCTAA,GCTAATAGCCA,CGCGCACTGCG,CGCTGATGGCC
47,183,132,143,65,north,0,GACCTAATAGG,GGTATAATACG,TCCCGTGAAGG,TCTCCACCACA,AGCAGACCTGT
22,294,111,91,96,north,0,GCAGAAATCAC,TGGAGCATCGC,ACTTAGTGGTG,CCCTGTGCGAG,AGTCTGACAAC
82,30,137,125,139,north,0,TCAATAGACGT,GCGAGCTTGTT,GGGGCGTAACC,TGAGAATATCC,GAGCCGGTCGA
60,123,80,135,99,north,0,GGCAAACTTAT,GACACTTGAAA,AACCATCGATC,CGCCTGATGTT,GATGTGATGTA
163,224,167,108,193,north,0,GACCCCGAGTT,TGCGAGTTCAA,GCCATCGTTTT,TTGCGGGGTTA,TAATAGTTTCA
68,156,93,125,110,north,0,ATTTCCGCATG,GGGCTGGATCT,GTCAGACATCA,CTGCCGCTACG,AATTAGGTAAG
212,123,55,104,141,north,0,AAGTTGCCTGT,AGCCAAAGAGA,CTGCAATGTCT,AATTTTCAGTG,ACTGACCTGTC
16,289,162,123,85,north,0,TGCCACCATAA,TAGTTCCTGCT,GTTCCGGCAGC,ACAACCGGGAA,TCTAAGCCACC
164,91,121,81,124,north,0,ATCTGAATGAA,TATACCTTTGC,TTAAATACCTT,GGCGATCAGTA,AATTATCCACC
235,164,93,94,136,north,0,CAACCTCCTAC,CGCCACGAGAT,AGAGGGTTGTG,GGCAAACGCTT,GATGCGATGCG
294,217,190,55,127,north,0,TGCTGATCGCA,TTCTAAATTCC,CCTAAATACAT,TGCGCTGCAAA,GGTCAAAACCC
296,122,168,85,108,north,0,AACTACCAATC,TAGTAGGTGTA,TACATTCGCGG,TAGGGGAAAAA,TCTGACAGTCA
202,291,159,111,142,north,0,CCCCGTACTCG,CCGCGGCCCGC,GACCTGTACGC,CCCAACGCCCT,TGCTGGTGAAC
61,275,114,153,126,north,0,CGGAGCCACCA,AAGCCCCTGCT,ACGATGTCGTT,CTATGTAAAGC,TATGCGTGTGC
181,213,112,119,117,north,0,GGAGATCTCCC,CGCTAAAGAGG,AGAGTCGCCTT,TACATCAAAAT,GCCTGGATTAC
178,266,123,135,90,north,0,GTGGTGGTGCT,GTTTTCATATA,ATTGTGCGACA,TTTTAAAGTTG,ATGTAATTAGG
111,43,133,173,128,north,0,ATTCTGTTCCT,CGAGTCGTGGC,ACTACTGATCC,TGAGATGTACG,TATGCTATGTG
76,201,128,132,66,north,0,GTCCGTCGAGA,AATTTACGAGT,CCGAGTTAGAC,GCTGTATGCTA,TCCAAACCACC
278,292,156,83,128,north,0,AGCTCGGGATT,CGGGACGACAA,TGCAGCATTTG,CACTCAGACAC,TTCCAAACGAT
28,28,47,187,124,north,0,AAGGTTGGGGT,ACGCTCTAGTG,AACCTTATCAT,ACAGGCGAGCG,CGCGGTATCTA
25,41,118,181,112,north,0,GGTTTTGCCTA,AGGTTCGTTAA,TGCTTGCGGCG,ACTGATGTGCA,TGAGCGTCAAA
69,239,83,132,160,north,0,AGTAAACCCAT,ACCGTGGCCCC,GTAACTAGCAG,CTGTCGGGTCT,ATGAGCTCCAA
62,194,66,111,88,north,0,CTGGCTTTTGT,AGTCACTAAAC,AGCGTCCGAAC,AACAAGCTAGA,GGGTATTATAA
295,5,97,107,81,north,1,GCACGACCAGC,GATTGTCTCTC,CGGATTGCAGA,CATAAGCTATA,AGGAGAGGCAC
302,55,119,115,181,north,0,ATCGGCGATCC,TTGGGTTCGCT,ACACTGCCTTT,GGCGGTGAGTT,CCTGAGAGTAA
209,111,133,166,143,north,0,TCGATCTGCTG,CGAGACAGGGT,GACATGAACTG,GATCCGGCTTA,CGAATACTAGC
45,78,118,160,114,north,1,GGAATGTGCCG,CGAATCCTCCG,GCGCTTTCATG,AGAAAAGGCTT,TTCCGGCAAAG
280,190,199,159,85,north,1,GGAGGTCAGCG,TAAACTGATCA,TTGATCAGAAG,TCCCTCTGAGT,TTCAACACGAC
255,291,140,124,145,north,0,AGCTCAATGCG,CATTCGATCCG,GGGTTAGGTCA,TTCTCACAGGG,TAACAACGCGT
203,73,72,147,92,north,0,AATTTAGGAGA,AAGTCATCCGT,GTCACACCAAA,GCCTAGAACCC,GTACTTGCGTC
120,258,143,144,143,north,0,GGAGTGAGTTT,TGTCTGATGGA,CTACGACGTGG,AACGTATGAAA,TCGGAGCCCCT
171,114,92,155,84,north,0,CGTTTCTTTGT,GAGCTGTCATG,CAGTGTGCACT,ATACGCCCACA,ATAAGGTCGAT
265,205,107,201,89,north,0,TCCGTTTCTGC,GGCGTGGGAAG,AGTGCGTTGGG,GTGCCCCCCGA,GAGGTGGGAAA
98,231,84,67,144,north,0,CCCGAGCCGAG,CACCATAGTCC,AACACAGACAG,GCACAGTTCTC,AACCGCGGGCC
264,134,46,202,124,north,0,ACAATTCTCCC,ACCCTGATAGC,ATGACGTGATA,GCAACCTATAT,AACCTGTGCTG
39,54,132,118,138,north,0,TTCTATCTAGT,CTTACTACGTA,ACGTGAAATCG,AACGCAGTTAT,CCTTCGTGGTC
169,240,92,95,98,north,0,GCTCGAATGTG,GCAAACCCATG,GCCCGAACGAA,AGATCCAGTAG,CAAGCATTGAA
241,129,146,80,139,north,0,ACCAACACCGA,CTGAATGCTAA,CAGAAGATGAC,TATACATTATC,CCTTCGCCTCC
187,229,163,185,164,north,0,CTCTCCTTAAC,CCAGCGGCGCC,GGAACCGCTTT,CCGGTCTATGC,TCAGTAGCTTA
147,182,142,120,81,north,0,GGGCACCAAGG,TGTCCGCGTTA,GCAGGGCAGAC,TCCACGCCAGT,GACGCCCGATA
12,304,139,81,144,south,1,AACTATTGCAA,TATCACTCGAC,AGTCCCACGTA,TTATACAACCT,TGAGGCCTTCT
59,102,89,134,124,north,0,CATTCATACCG,ATTAGGCGCTA,AGGTGTCGCCT,ACTGTCTGACT,CCTCGGATGAA
177,111,137,141,136,north,0,GATCGTCCACT,CCACTTATATC,CTGGATCATCT,AGGGTTACTAT,TTGGACTCCAT
37,194,139,155,84,north,1,TAGATTTAGAC,CTCTATGACAT,TTTCGGCCACA,ACAATCAGCGC,AGCCCGTTAGC
13,125,125,172,94,north,0,GCCCGTGGCCA,GCACTTCGACT,CTCATAAAGAC,GATATCTTCGT,CCACGAAGACC
204,211,137,178,136,north,0,GCTTTTGGACC,TGCCACATCCC,AACCTTTTTTC,GCGTCGATAGC,TTGTTGAATAT
104,59,218,125,107,north,0,CGGGCATTCTG,TTCTATATACA,TTGCTCCTCTC,TCGGATAGACG,TGCGCGGCGCC
259,255,114,81,116,north,0,ACGTCAACGCC,GACTACGCTAC,GGACTGAAGAC,CCAGAGCCTAA,TGGCAAGAAAT
243,139,134,131,139,north,0,TTACCGAGCTA,CTAGGTCATGC,CAAAGGACAGC,ACCGCCGCGAA,GGGACATTTGC
191,298,99,134,92,north,0,GAACGAAGTGT,GCTGGGGTGGC,AGAAGAAGGAA,TACGTGATACA,GCCCTTGAATC
243,169,157,94,74,north,0,TAATGAGCAAA,CCGTCTGGAGA,CGTCGTATCGC,AGGTACGACCT,TTACGACAACA
169,200,128,79,130,north,0,TGATTAAGTGA,GCTCGCACTAG,GACAGGGCAGC,GTGTAATTATA,CAATAAATCTA
41,111,157,88,72,north,0,CGAAAGCCAGA,CCCTGCCCCCA,TCTCCAGAAAC,CCTGAAGCCGA,ATTCCCCTACG
70,146,137,124,113,north,0,TAAAGAACCTA,ACACCATGGCA,TGATGGTTCTG,AAGACTGTAGA,TTGACACCGCG
258,161,192,81,152,south,1,CACAAAGCGCA,CTTTCGTTTCT,CGGAATCCGCA,TTATGTAAGTG,TTGCGACGTGT
38,18,100,119,160,north,0,AAATGAAAAGA,AGTTTTGGTTG,CCAGACGATTC,TACCGAGGTGG,GCCGCTGCGGG
84,85,170,165,169,south,1,CTACCTAGCAA,ACTCCGACTAG,TTTGGGCGGTT,TAACTGTCTTG,CTGTTAACCGT
228,43,177,134,169,north,0,TCCTGGCATTG,CGCTCCGTCTC,GCTTCGGGCAG,TAGGGCTGGAT,CTTCCCAATGG
99,229,108,130,147,north,0,GCTGCCCGCAT,GGCATACGCAG,AAGACGGTTCA,GTTCATCCCTG,TGCAGACAATT
293,256,125,69,136,north,0,GGAGAGAAGTG,CGGCAGGCCCT,CGTAGGACCAC,TCCACAGCGGA,AACAGGCTCTG
226,32,73,172,100,north,0,GACTGGTTGTG,CGAATAATCTG,AGAGGAGGGAA,GGAATTTGGGC,ATAGTTTAATC
288,192,65,173,176,north,0,ATGCGACACGT,AGTCTGTTCTA,GGCTGTACCCT,GAACTGGGCCA,GGGGTTGGTGT
184,34,79,169,142,north,0,ACAACTGCTAT,CGAAGGTGTGT,AACATGAAGAA,GTTGCATTGCT,GGGCTGCTGTG
247,86,173,120,110,north,0,CTCTGAGTTCA,GTTGATTTACG,GTGAGTCAAAA,TACGTTGGGGT,TTAAGCCATAC
176,45,146,139,103,north,0,CCTCTGTCCGG,CGGTGTTCCCG,CGGTACCTAAA,AGAAGGTCCCC,TCTTTGGCACG
15,116,96,161,103,north,0,GGAGCATGGTC,CTGATACTAAA,ACTCTAGTCCG,GTAGCAGGCGG,ATTCCAAGGGG
300,25,104,157,120,north,0,GCTGGTGTCGG,GCTGGGTAGCT,ATACGTATCGC,AACTTGGTGTG,TTACTTCAGAT
231,24,136,72,56,north,0,TGTATATAAAC,GCATGCGGGTA,GGAAAAAGATG,CCCCAAGCACG,GTACATGAGAC
180,31,131,102,109,north,1,CAGCACTGATT,GCGGTACAAGG,TCCCACCTAGT,ATACCAACTGT,CACTGCAATGT
235,105,111,153,116,north,0,TGATCCAAGCA,GTACCGACTCG,ACCGTCGCGAT,ATAATGCAGCG,CGAGAATCGGA
60,48,76,148,154,north,0,CTACCAACATG,ACACCCACGAT,GGTATGATTCG,AATGGTGGTAG,GAATGTTATGT
7,191,81,86,160,north,0,ATACCAGCTGG,CTACATGCCGT,ATTGATCTTCG,ACCAATGCACT,GATTCAGGCCA
192,146,138,120,157,north,0,GGCAGGGACCG,CACCTTACCAT,GCAATGAAAAA,TATAGAGATCC,CCCAAAAATTT
202,95,143,76,109,north,0,GAGGGAAATAT,TTCGATTTGAG,CTGTGGAAAAG,CGTCATTGGAG,ATTAGTACTAT
88,78,183,83,168,north,0,TCGTGGACTAT,CTGCGCGCTTA,TAACGCCGCTT,GTTGAGAAGAG,CTGTGCTCCAT
21,104,59,104,90,north,0,GATATCATAGA,AAAGAGTCGAG,GCATACCGTTA,AGCATGAGAAA,GCACAGAGCAA
145,71,155,116,93,north,0,CGCGGAATGGA,CGTATTGAGTT,ATCTGTTGTCC,CTCGATAGAGG,TCACGCAGAAT
66,268,151,120,108,north,0,ATCGGAACACC,CTTTTAGGCTA,CCGGACCAAAC,CGTCATTACCA,CTCGTCTCCGT
187,24,114,88,140,north,0,GCTCGATCATG,GCCTCAATGCC,GCTACCCCTGC,TGCGAGGCCCC,AGTGACCGCCG
112,162,122,85,140,north,0,GATGGTAGCGG,GGACTGGGGCT,CCCAGGGTGCC,CCTGAACCTCG,GCTCAAACGTG
142,279,152,137,126,north,0,TCTCGAGGAAT,AGCACTGTGAC,CCGTAGATCCT,CTCGCTAAGTT,CGATTCTTTTT
133,114,156,148,106,north,1,GGTTGGTATCG,CCGGCACCATG,ACGCTGGAAGC,TTCCCTGGCTT,TCTAGTGGACC
33,199,107,148,82,north,0,AATGCCCGGCT,CTAGGACGAGG,GATATTGTCCG,GCAGCAGCAAG,CCTTGTCGGTG
281,238,113,147,160,north,0,ATTGCGTGGCA,CAATTGCCTCT,AATATAGTATG,CACTCATCTAG,TCAGAGGGTCA
150,84,162,125,60,north,0,TTGAATGAAGA,CAGGGGTCCAC,TACGTGCAAAA,AGCCCTTGGTT,TGAGGATCAGT
188,100,111,121,163,north,0,GATTGAAACGA,GAGGTTGCATA,CAGCGCTTTCA,ACACACTTTTA,TTATCATACCA
278,78,91,91,123,north,0,ATGTAGTACCC,AGTAAGGCCAA,GTTAACCGGCG,CGGTCGTGCCG,GCAGTGAGATC
297,21,159,129,108,north,0,TCTGAGGCGCG,CTTATATTGGG,TATGCCCGGAA,ATCCGTCTGCA,GCTCGTTGTAC
238,229,198,101,100,north,0,CTGGACACGAC,CTCGCTACTGT,TTGGCACTCAC,CTCACGCGAGG,TAGGAAACATG
77,207,176,212,85,north,0,TAGATATTAGT,TGCCTCACCTG,CTCGCACGAGT,TCGCTCTTATC,ATGTTTTGCAC
304,146,123,173,157,north,1,CGTATTAGTGA,TTACGTAGGCA,GGAACGGCATA,ACGTGTCTTAT,GCGGTCTTTCC
89,96,110,111,89,north,0,AAATACCTGAG,GTATCTCTGAA,GAGGCTATAGC,TCTCACAATAT,CAAGGTGAGGC
230,254,59,127,156,north,0,GCAATGTCCTC,ATGAATAAGCG,ACGCGCCGGTT,GCAAAGAGCGA,AGAATTGGTCC
8,107,187,70,115,north,0,TACGACGAGAT,CTGCCGGACAC,TCCTACCTATC,TGTTGACACCC,GGTTATGCCAT
97,91,136,143,135,north,1,GTAAGGCTATG,TGGACGAACAG,TTCATGCGTGT,GATGTGCACGG,AGTTATAAGTT
190,165,98,132,113,north,0,GCTGATATGAC,ATGTCTCATCC,CTTGGTTGGAG,ACATATCCCGC,GCCGTTGAACT
18,296,146,126,124,north,0,ATCGCTTGATT,TGCCCAGGCCA,TGTGCGCTCCC,CGTAATTCAAG,GGAAGGTCTCG
276,64,146,124,128,north,0,CGTCAGTGACC,GAGGCTGTTTG,CCTCCAGCCGT,TGGGTGGCCCA,GTGGGAAAACC
132,242,181,123,107,south,1,CTACCGAGGGT,TTGCGGCCTAG,CACCCCCGATC,CTTTCACAGCC,CGCGGATCGGC
58,115,123,118,151,north,0,CAAAATCGCAA,TGCGCCCCGAG,AAGCACGTTGA,CCCCGGGTTTT,GCAATCTTGCG
70,271,166,106,117,north,0,TCCCCACACCG,CCATGACCAGA,CCCCTCCGTAG,CATGAACTATT,GTCCGATTCGC
126,95,90,122,151,north,0,TCTGAGTGTAT,AAAACATTTAG,GGGAGTAATTG,GAGCCTTGACC,ATTTCATGGAC
211,208,94,129,103,north,0,AGTTCGTCATG,AATCCCGACAG,CCACATAGCAC,CAGCGACCTAG,CAAGTACGAAA
12,62,178,145,172,south,1,GCGCTGCTCGT,TTCAGCTTTGC,TTTGGTGATTG,TCGACGTTAAT,ATTAGTCATCC
241,149,149,127,124,north,0,CAGGAGCGGCT,CGTGTTTGATA,GGGGCGACATT,GTCTAGTGCTC,TTCTCTGTTCA
256,155,166,141,146,west,1,TTGACCTCTTA,TTCAAGCTCTG,AAACGTGTAAA,TACCTAAACAA,CACCTAATCTC
153,168,156,110,145,north,0,GATAACGGATT,CTGATCGCTTT,TAGATGCCCAT,TGGCAACCCAC,GTACATCCCAT
22,300,135,134,140,north,0,GTACCCCGATA,CATTCAACCGT,TAGCCATTTAG,ACCCGAAAGAC,CTGACCGATCC
57,252,80,125,153,north,0,GGTCGACTCTA,GCCATATACAA,ATCATTAAGGT,CACTAATGTCG,AAGTGGTGCGA
235,258,84,134,93,north,1,ATTTATAAAGT,AGTGCACTATT,ACGGTGAATGC,CACTGATGGCG,CGTATACCGAA
203,251,138,188,160,north,0,TGCCTTGATAT,GTTTCCGTGGA,GTTGCACCTGC,ATCACCTGTGG,CCCATGTAGGT
93,233,145,125,79,north,0,TCGGGCCCTGT,GACCTTATATG,ATATTCGGGGC,TGGTACAAAAC,CGTTAATTAGT
259,140,142,66,137,north,0,CAGCACTGGTC,TTTACACCCAT,AACCGTCCATT,GTCTAATCCTC,CTTTAATACTC
201,85,97,113,96,north,0,AGTCGCCTGTC,CGAATCGCACG,GGCTATTTCCT,GCCCGCGAACG,GTGGGAGGGTG
237,116,150,159,129,north,0,ATAGAAATTGC,GGCATCAGAGG,TGGCTATTGAG,CGTACGGCGTA,TTGTTGGCTCC
272,56,83,146,146,north,0,GTATTCCGGTT,ATCCGTCGGCG,GGTTTCCCCGG,ATCGGTTATGG,GGTCAGGGCGG
73,276,117,154,148,north,0,ACTATGAAACC,TGGTCCTTTGA,ACATAAAACCA,ATATTGCATAC,TTACCCTACAG
241,45,147,138,133,north,0,CCGACAATGTA,GAACTTAGCAG,CACGATCGCAC,TGACAGCCCAA,CGTCTCTACCA
23,152,150,154,110,north,0,CAGCTATGGTG,GCTATGATATC,CTTACGCCTTT,GGATCAAAGGC,TCTGGACGACC
268,182,101,161,132,north,0,CGTCGGATAGT,ATCTTTAACGT,ATCGTCAATAA,AGTGAATCTGG,TACCTTCAGAT
163,286,94,143,122,north,0,AGAGGGGTGGG,ACGTTGTTTTG,CGCACTGACCA,TACCCCCTGAC,ATTAATGTATG
237,227,173,122,102,north,0,TCAGCAAACCC,GTGTCTACATC,GGGTCGAAGCA,TGTTGACTCAT,TGGTGGGCATG
182,181,116,141,74,north,0,AGACCAATAAT,GGATTGGAACA,CGTGCGTAGCT,TTGTGACATGC,GACTCACCAAG
78,111,166,164,89,north,0,TGTGTAGAGTA,GAACCTAAACC,TGTACTTGGAA,GTCAGTAGAGG,TATACGATTGG
295,75,115,123,96,north,0,GAAGGCGAGCA,GGCCCGATTCA,CGGTGAGAAGG,TGTCGTTCATT,ATAACTAAGGA
60,200,127,107,48,north,0,AGGACAGTACT,GACTGAGTAGA,CGTAGGTTATA,CTCGACAGGAG,TAGTTACGGAA
216,27,90,121,120,north,0,CTCGGACTGCC,GATCCGTTATC,GCAATTTTGTT,ATGTAAAACAC,ACGGGTGTCTC
115,148,104,87,126,north,1,GAGAGCATTAA,TTTCGGCTGCC,GGTAGCCGGTA,GGGTGACGACG,AGGCGAGACTT
208,12,103,87,129,north,1,TTCATCAAGCG,CCCGGCGCATT,AGGGACAGCCG,GAGCATGAGCG,AACAAGTATCA
83,139,91,79,116,north,0,GTTTAGCAAAA,AAAAACGGAGC,CGAAAGGGTCA,AAGACAGCTAG,CTGCCTATCAC
101,184,113,97,117,north,0,ACGAAAGACCG,CCCTACGGGAG,CCCTTGGTCAC,ACGTCATAGTC,CGGAGGTGGCG
27,188,117,173,140,north,0,TGATTGACCGT,ATAATGCCGGG,GTAGATCGGTC,TGGACGCAGGC,AAAGTCGGTTT
36,224,76,124,157,north,0,GGACGTATGTA,GACTACACTGT,CACACACGCCT,GAGATTTTCTA,AGGCGGAGGCT
111,230,137,158,124,north,0,ACCGACACAGT,TGGTCATACCA,CGCTGTCTTCT,GAGTTTACAGA,TATCTTTACTC
66,25,156,203,125,north,0,TTATCCTTGAT,TAGTTGTATGC,AACGTAAAGCT,GTTTTCCCAAC,TACTTAGCTGT
218,116,172,152,163,north,0,TCAGTAAGTAC,ACTGTAACCTG,CGCGTATAGCG,TGGGGACAGCC,TCGAGCACTCC
53,108,126,186,100,north,0,AGTATCCTGAC,CTTTTAACGCG,CAACTTTTGCG,TTATGTCCGCA,ACCCCAAACAC
133,46,99,197,147,north,0,GCTGCCCGCAG,AAGCTTAGGTA,GCAGTTTATAG,ACACCTACGTT,TTTACGGACCT
265,190,114,137,75,north,0,ACTTTGCCAAG,GCATTTTGAGA,GAATGTGCGGG,TGTTGACAATG,CACGAGCTTGT
172,223,150,97,92,north,0,TGAAGTCCAAC,TTATGCCACGG,GTGGTAGGCAT,CCCCACAGCCC,AATTAGTCAAA
266,31,178,186,176,north,0,CTGGTTTTTAA,CTGGTCGGTCC,TAACGGCGTAC,GGCTCTCTCAC,TTGTCCCCGTT
161,252,152,85,215,south,1,ATCAACCCTCG,TCTCTGTCTGT,GCTTAGATCTA,TGCCACGGTCC,CACGGCCTTGT
264,169,152,121,99,north,0,CAAGCGTAGGA,TGCGCACTATG,TCCGGAATTCT,GGATGCTTGGC,GCGGCAGAACC
107,140,108,166,91,north,0,TCACCTCACCA,CGGGTCGGCGC,ATGAACCTAAG,GGACCTACGCG,AGTTTAGAACC
187,222,126,173,148,north,0,GGTTTACTTGC,ATCGGCCACCC,TAAGTGGTTGC,CGCCTCGCGCG,CAGCGTACACT
261,243,123,109,60,south,0,CGACGCAGACC,ACCTACCTACT,AAACTTGTGCT,TGGACGCTACA,TGGTAAGAGAT
187,95,185,147,179,north,0,TAACAGATGTT,CGGATGGTGCG,CCGTTTACTAT,CCTCACGCTTT,TTGCTCAATGC
90,107,123,97,133,north,1,CACCGGGTTAG,ACAATGACCCA,TGTCATTCGGA,CCTAGCAGCTG,ATGGAGTGATG
162,101,110,135,137,south,1,GGGCGCCCAGT,CACGGCCTTGA,GCTACTGACCG,AGCCTACTCTT,TAACGGAAGCG
172,168,173,102,100,north,0,CCGAGCGTACA,CGTCCCAAAGG,TATCGCAACAA,TTACGAGGGTG,GGTTGGGGTAT
247,28,146,83,140,west,0,CGATTGCGCAA,AGGCAAGCTCA,TAGTAATATCA,CCATCGAAGGC,TACAACGCACC
14,91,137,71,82,north,0,GTTACCAGCAA,GGCGAGGAAAT,ACGCGCTAATA,TCCAAGTTCGG,TACTACGCGAT
